filename,full_path,source,folder
totam-m-print-house-1.webp,C:\Users\merch\Desktop\mprinthouse-images\Backdrops-&-Displays\Totem-Display-Stand\totam-m-print-house-1.webp,mprint,Totem-Display-Stand
Opening-Soon-Shop-Hoarding-3.webp,C:\Users\merch\Desktop\mprinthouse-images\Banners-Printing\Coming-Soon-Shop-Hoarding\Opening-Soon-Shop-Hoarding-3.webp,mprint,Coming-Soon-Shop-Hoarding
Opening-Soon-Shop-Hoarding-4.webp,C:\Users\merch\Desktop\mprinthouse-images\Banners-Printing\Opening-Soon-Shop-Hoarding\Opening-Soon-Shop-Hoarding-4.webp,mprint,Opening-Soon-Shop-Hoarding
Opening-Soon-Shop-Hoarding-2.webp,C:\Users\merch\Desktop\mprinthouse-images\Banners-Printing\Unlocking-Soon-Shop_Office_Store-Hoarding\Opening-Soon-Shop-Hoarding-2.webp,mprint,Unlocking-Soon-Shop_Office_Store-Hoarding
f2.webp,C:\Users\merch\Desktop\mprinthouse-images\Custom-Flags\Pennant-flags\f2.webp,mprint,Pennant-flags
Peninsula-Booths-3.webp,C:\Users\merch\Desktop\mprinthouse-images\Exhibitions-&-Events\Peninsula-Booths\Peninsula-Booths-3.webp,mprint,Peninsula-Booths
Stage-1.webp,C:\Users\merch\Desktop\mprinthouse-images\Exhibitions-&-Events\Stage-Backdrops-&-Branding\Stage-1.webp,mprint,Stage-Backdrops-&-Branding
Custom-Tote-Bags-4.webp,C:\Users\merch\Desktop\mprinthouse-images\Others\Custom-Tote-Bags\Custom-Tote-Bags-4.webp,mprint,Custom-Tote-Bags
404.webp,C:\Users\merch\Desktop\mprinthouse-images\Others\Gift-Boxes\404.webp,mprint,Gift-Boxes
Pillar-Sticker-Branding-2.webp,C:\Users\merch\Desktop\mprinthouse-images\Others\Pillar-Sticker-Branding\Pillar-Sticker-Branding-2.webp,mprint,Pillar-Sticker-Branding
print-n-cut.webp,C:\Users\merch\Desktop\mprinthouse-images\Others\Print-and-Cut-Sticker-Branding\print-n-cut.webp,mprint,Print-and-Cut-Sticker-Branding
Printed-Paper-Coffee-Cups-1.webp,C:\Users\merch\Desktop\mprinthouse-images\Others\Printed-Paper-Coffee-Cups\Printed-Paper-Coffee-Cups-1.webp,mprint,Printed-Paper-Coffee-Cups
brown-bag-printing-3.webp,C:\Users\merch\Desktop\mprinthouse-images\Stationery-&-Corporate\Brown-Paper-Bag-Printing\brown-bag-printing-3.webp,mprint,Brown-Paper-Bag-Printing
printing-cap-4.webp,C:\Users\merch\Desktop\mprinthouse-images\Stationery-&-Corporate\Caps-Printing\printing-cap-4.webp,mprint,Caps-Printing
Corporate-Gift-Set-4.webp,C:\Users\merch\Desktop\mprinthouse-images\Stationery-&-Corporate\Corporate-Gift-Set\Corporate-Gift-Set-4.webp,mprint,Corporate-Gift-Set
Custom-Notebook-Printing-2.webp,C:\Users\merch\Desktop\mprinthouse-images\Stationery-&-Corporate\Custom-Notebook-Printing\Custom-Notebook-Printing-2.webp,mprint,Custom-Notebook-Printing
emb-caps-4.webp,C:\Users\merch\Desktop\mprinthouse-images\Stationery-&-Corporate\Embroidery-Caps\emb-caps-4.webp,mprint,Embroidery-Caps
mobile-printing-4.webp,C:\Users\merch\Desktop\mprinthouse-images\Stationery-&-Corporate\Mobile-covers-Branding\mobile-printing-4.webp,mprint,Mobile-covers-Branding
mouse-pad-5.webp,C:\Users\merch\Desktop\mprinthouse-images\Stationery-&-Corporate\Mouse-Pad-Branding\mouse-pad-5.webp,mprint,Mouse-Pad-Branding
19-1.webp,C:\Users\merch\Desktop\mprinthouse-images\Stationery-&-Corporate\Mugs-Branding\19-1.webp,mprint,Mugs-Branding
pen-printing-6.webp,C:\Users\merch\Desktop\mprinthouse-images\Stationery-&-Corporate\Pen-Branding\pen-printing-6.webp,mprint,Pen-Branding
USB-Branding-3.webp,C:\Users\merch\Desktop\mprinthouse-images\Stationery-&-Corporate\USB-Branding\USB-Branding-3.webp,mprint,USB-Branding
yacht-branding-3.jpg,C:\Users\merch\Desktop\mprinthouse-images\Vehicle-Branding\Boat-_-Yachts-Branding\yacht-branding-3.jpg,mprint,Boat-_-Yachts-Branding
container-branding-3.jpg,C:\Users\merch\Desktop\mprinthouse-images\Vehicle-Branding\Container-Branding\container-branding-3.jpg,mprint,Container-Branding
m-print-food-truck-branding-3.jpg,C:\Users\merch\Desktop\mprinthouse-images\Vehicle-Branding\Food-Truck-Branding\m-print-food-truck-branding-3.jpg,mprint,Food-Truck-Branding
fv4.jpg,C:\Users\merch\Desktop\mprinthouse-images\Vehicle-Branding\Full-Vehicle-Branding\fv4.jpg,mprint,Full-Vehicle-Branding
Partial-Vehicle-1.webp,C:\Users\merch\Desktop\mprinthouse-images\Vehicle-Branding\Partial-Vehicle-Branding\Partial-Vehicle-1.webp,mprint,Partial-Vehicle-Branding
spot-decal-25-1.webp,C:\Users\merch\Desktop\mprinthouse-images\Vehicle-Branding\Spot-Decal-Vehicle-Branding\spot-decal-25-1.webp,mprint,Spot-Decal-Vehicle-Branding
vinyl-lettering-1.jpg,C:\Users\merch\Desktop\mprinthouse-images\Vehicle-Branding\Vinyl-Lettering-Vehicle-Branding\vinyl-lettering-1.jpg,mprint,Vinyl-Lettering-Vehicle-Branding
napa_cork_notebooks_printing_dubai.webp,F:\Master Image File\_Unclassified\napa_cork_notebooks_printing_dubai.webp,master,_Unclassified
6_pink_roses_in_black_bag_v_1.png,F:\Master Image File\_Unclassified\6_pink_roses_in_black_bag_v_1.png,master,_Unclassified
-dwxd_618_xd_drinkware_smooblen_smoothie_blender_with_bottle_comment.jpg,F:\Master Image File\_Unclassified\-dwxd_618_xd_drinkware_smooblen_smoothie_blender_with_bottle_comment.jpg,master,_Unclassified
notebook_bottles_transparent_options.jpg,F:\Master Image File\_Unclassified\notebook_bottles_transparent_options.jpg,master,_Unclassified
alonedies1_mug.jpg,F:\Master Image File\_Unclassified\alonedies1_mug.jpg,master,_Unclassified
bottles_printing_dubai.jpg,F:\Master Image File\_Unclassified\bottles_printing_dubai.jpg,master,_Unclassified
3_in_1_usb_2.jpg,F:\Master Image File\_Unclassified\3_in_1_usb_2.jpg,master,_Unclassified
personalized_beer_mugs_white.jpg,F:\Master Image File\_Unclassified\personalized_beer_mugs_white.jpg,master,_Unclassified
metal_usb_printing_engraving_dubai_06.jpg,F:\Master Image File\_Unclassified\metal_usb_printing_engraving_dubai_06.jpg,master,_Unclassified
airpods-pro-magsafe-charging-case-usb-c.png,F:\Master Image File\_Unclassified\airpods-pro-magsafe-charging-case-usb-c.png,master,_Unclassified
umbrella_prod_main.jpg,F:\Master Image File\_Unclassified\umbrella_prod_main.jpg,master,_Unclassified
roun_dusb_2.jpg,F:\Master Image File\_Unclassified\roun_dusb_2.jpg,master,_Unclassified
gsgl_101_giftology_lotik_passport_3.jpg,F:\Master Image File\_Unclassified\gsgl_101_giftology_lotik_passport_3.jpg,master,_Unclassified
g-drive_mobile_usb-c_web_gallery_gold_front-icon.png,F:\Master Image File\_Unclassified\g-drive_mobile_usb-c_web_gallery_gold_front-icon.png,master,_Unclassified
light_blue_jeans_fabric_notebooks_printing_dubai.webp,F:\Master Image File\_Unclassified\light_blue_jeans_fabric_notebooks_printing_dubai.webp,master,_Unclassified
promotional-reusable-soft-loop-handle-plastic-bag-15-5-w-x-19-5-h-14f.jpg,F:\Master Image File\_Unclassified\promotional-reusable-soft-loop-handle-plastic-bag-15-5-w-x-19-5-h-14f.jpg,master,_Unclassified
itvr_725_-_pockit_-_pocket_360_vr_kit_3.jpg,F:\Master Image File\_Unclassified\itvr_725_-_pockit_-_pocket_360_vr_kit_3.jpg,master,_Unclassified
cd-and-cd-cover-with-branding-281.jpg,F:\Master Image File\_Unclassified\cd-and-cd-cover-with-branding-281.jpg,master,_Unclassified
white_sublimation_bottles_small.jpg,F:\Master Image File\_Unclassified\white_sublimation_bottles_small.jpg,master,_Unclassified
nben_102_corq_notebook_bamboo_pen_packed_in_gift_box_2.jpg,F:\Master Image File\_Unclassified\nben_102_corq_notebook_bamboo_pen_packed_in_gift_box_2.jpg,master,_Unclassified
pop_mug_dwxd_710_3.png,F:\Master Image File\_Unclassified\pop_mug_dwxd_710_3.png,master,_Unclassified
paper_cups_3.jpg,F:\Master Image File\_Unclassified\paper_cups_3.jpg,master,_Unclassified
white_card_usb_dubai.jpg,F:\Master Image File\_Unclassified\white_card_usb_dubai.jpg,master,_Unclassified
pink-usb.jpg,F:\Master Image File\_Unclassified\pink-usb.jpg,master,_Unclassified
coin_bags_real_image.jpg,F:\Master Image File\_Unclassified\coin_bags_real_image.jpg,master,_Unclassified
-dwxd_602_xddesign_bopp_sport_water_bottle_black_5.jpg,F:\Master Image File\_Unclassified\-dwxd_602_xddesign_bopp_sport_water_bottle_black_5.jpg,master,_Unclassified
pens-0971488715784.jpg,F:\Master Image File\_Unclassified\pens-0971488715784.jpg,master,_Unclassified
pen_pouch_prod.jpg,F:\Master Image File\_Unclassified\pen_pouch_prod.jpg,master,_Unclassified
cardshape_usb.jpg,F:\Master Image File\_Unclassified\cardshape_usb.jpg,master,_Unclassified
OpenCIMG_20240608_011142.jpg,C:\Users\merch\OneDrive\Pictures\Download Images\Camera Roll\OpenCIMG_20240608_011142.jpg,download,Camera Roll
OpenCIMG_20240608_011152.jpg,C:\Users\merch\OneDrive\Pictures\Download Images\Camera Roll\OpenCIMG_20240608_011152.jpg,download,Camera Roll
IMG-20221119-WA0002.jpg,C:\Users\merch\OneDrive\Pictures\Download Images\FinchGiftShopWhatsapp Media\IMG-20221119-WA0002.jpg,download,FinchGiftShopWhatsapp Media
IMG-20221119-WA0020.jpg,C:\Users\merch\OneDrive\Pictures\Download Images\FinchGiftShopWhatsapp Media\IMG-20221119-WA0020.jpg,download,FinchGiftShopWhatsapp Media
IMG-20221209-WA0000.jpg,C:\Users\merch\OneDrive\Pictures\Download Images\FinchGiftShopWhatsapp Media\IMG-20221209-WA0000.jpg,download,FinchGiftShopWhatsapp Media
IMG-20221209-WA0001.jpg,C:\Users\merch\OneDrive\Pictures\Download Images\FinchGiftShopWhatsapp Media\IMG-20221209-WA0001.jpg,download,FinchGiftShopWhatsapp Media
IMG-20221209-WA0002.jpg,C:\Users\merch\OneDrive\Pictures\Download Images\FinchGiftShopWhatsapp Media\IMG-20221209-WA0002.jpg,download,FinchGiftShopWhatsapp Media
IMG-20221209-WA0003.jpg,C:\Users\merch\OneDrive\Pictures\Download Images\FinchGiftShopWhatsapp Media\IMG-20221209-WA0003.jpg,download,FinchGiftShopWhatsapp Media
IMG-20221209-WA0004.jpg,C:\Users\merch\OneDrive\Pictures\Download Images\FinchGiftShopWhatsapp Media\IMG-20221209-WA0004.jpg,download,FinchGiftShopWhatsapp Media
IMG-20221209-WA0006.jpg,C:\Users\merch\OneDrive\Pictures\Download Images\FinchGiftShopWhatsapp Media\IMG-20221209-WA0006.jpg,download,FinchGiftShopWhatsapp Media
IMG-20221227-WA0000.jpeg,C:\Users\merch\OneDrive\Pictures\Download Images\FinchGiftShopWhatsapp Media\IMG-20221227-WA0000.jpeg,download,FinchGiftShopWhatsapp Media
IMG-20230116-WA0005.jpg,C:\Users\merch\OneDrive\Pictures\Download Images\FinchGiftShopWhatsapp Media\IMG-20230116-WA0005.jpg,download,FinchGiftShopWhatsapp Media
IMG-20230124-WA0000.jpeg,C:\Users\merch\OneDrive\Pictures\Download Images\FinchGiftShopWhatsapp Media\IMG-20230124-WA0000.jpeg,download,FinchGiftShopWhatsapp Media
IMG-20230215-WA0003.jpeg,C:\Users\merch\OneDrive\Pictures\Download Images\FinchGiftShopWhatsapp Media\IMG-20230215-WA0003.jpeg,download,FinchGiftShopWhatsapp Media
IMG-20230215-WA0005.jpeg,C:\Users\merch\OneDrive\Pictures\Download Images\FinchGiftShopWhatsapp Media\IMG-20230215-WA0005.jpeg,download,FinchGiftShopWhatsapp Media
IMG-20230216-WA0007.jpeg,C:\Users\merch\OneDrive\Pictures\Download Images\FinchGiftShopWhatsapp Media\IMG-20230216-WA0007.jpeg,download,FinchGiftShopWhatsapp Media
IMG-20230216-WA0009.jpeg,C:\Users\merch\OneDrive\Pictures\Download Images\FinchGiftShopWhatsapp Media\IMG-20230216-WA0009.jpeg,download,FinchGiftShopWhatsapp Media
IMG-20230216-WA0011.jpeg,C:\Users\merch\OneDrive\Pictures\Download Images\FinchGiftShopWhatsapp Media\IMG-20230216-WA0011.jpeg,download,FinchGiftShopWhatsapp Media
IMG-20230216-WA0013.jpeg,C:\Users\merch\OneDrive\Pictures\Download Images\FinchGiftShopWhatsapp Media\IMG-20230216-WA0013.jpeg,download,FinchGiftShopWhatsapp Media
IMG-20230216-WA0015.jpeg,C:\Users\merch\OneDrive\Pictures\Download Images\FinchGiftShopWhatsapp Media\IMG-20230216-WA0015.jpeg,download,FinchGiftShopWhatsapp Media
IMG-20230216-WA0018.jpeg,C:\Users\merch\OneDrive\Pictures\Download Images\FinchGiftShopWhatsapp Media\IMG-20230216-WA0018.jpeg,download,FinchGiftShopWhatsapp Media
IMG-20230216-WA0020.jpeg,C:\Users\merch\OneDrive\Pictures\Download Images\FinchGiftShopWhatsapp Media\IMG-20230216-WA0020.jpeg,download,FinchGiftShopWhatsapp Media
IMG-20230218-WA0009.jpeg,C:\Users\merch\OneDrive\Pictures\Download Images\FinchGiftShopWhatsapp Media\IMG-20230218-WA0009.jpeg,download,FinchGiftShopWhatsapp Media
IMG-20230221-WA0018.jpeg,C:\Users\merch\OneDrive\Pictures\Download Images\FinchGiftShopWhatsapp Media\IMG-20230221-WA0018.jpeg,download,FinchGiftShopWhatsapp Media
IMG-20230221-WA0021.jpeg,C:\Users\merch\OneDrive\Pictures\Download Images\FinchGiftShopWhatsapp Media\IMG-20230221-WA0021.jpeg,download,FinchGiftShopWhatsapp Media
IMG-20230221-WA0024.jpeg,C:\Users\merch\OneDrive\Pictures\Download Images\FinchGiftShopWhatsapp Media\IMG-20230221-WA0024.jpeg,download,FinchGiftShopWhatsapp Media
IMG-20230224-WA0005.jpeg,C:\Users\merch\OneDrive\Pictures\Download Images\FinchGiftShopWhatsapp Media\IMG-20230224-WA0005.jpeg,download,FinchGiftShopWhatsapp Media
IMG-20230224-WA0007.jpeg,C:\Users\merch\OneDrive\Pictures\Download Images\FinchGiftShopWhatsapp Media\IMG-20230224-WA0007.jpeg,download,FinchGiftShopWhatsapp Media
IMG-20230224-WA0009.jpeg,C:\Users\merch\OneDrive\Pictures\Download Images\FinchGiftShopWhatsapp Media\IMG-20230224-WA0009.jpeg,download,FinchGiftShopWhatsapp Media
IMG-20230224-WA0011.jpeg,C:\Users\merch\OneDrive\Pictures\Download Images\FinchGiftShopWhatsapp Media\IMG-20230224-WA0011.jpeg,download,FinchGiftShopWhatsapp Media
IMG-20230224-WA0014.jpeg,C:\Users\merch\OneDrive\Pictures\Download Images\FinchGiftShopWhatsapp Media\IMG-20230224-WA0014.jpeg,download,FinchGiftShopWhatsapp Media
IMG-20230224-WA0015.jpg,C:\Users\merch\OneDrive\Pictures\Download Images\FinchGiftShopWhatsapp Media\IMG-20230224-WA0015.jpg,download,FinchGiftShopWhatsapp Media
IMG-20230224-WA0016.jpeg,C:\Users\merch\OneDrive\Pictures\Download Images\FinchGiftShopWhatsapp Media\IMG-20230224-WA0016.jpeg,download,FinchGiftShopWhatsapp Media
IMG-20230224-WA0017.jpg,C:\Users\merch\OneDrive\Pictures\Download Images\FinchGiftShopWhatsapp Media\IMG-20230224-WA0017.jpg,download,FinchGiftShopWhatsapp Media
IMG-20230224-WA0018.jpg,C:\Users\merch\OneDrive\Pictures\Download Images\FinchGiftShopWhatsapp Media\IMG-20230224-WA0018.jpg,download,FinchGiftShopWhatsapp Media
IMG-20230224-WA0019.jpg,C:\Users\merch\OneDrive\Pictures\Download Images\FinchGiftShopWhatsapp Media\IMG-20230224-WA0019.jpg,download,FinchGiftShopWhatsapp Media
IMG-20230224-WA0020.jpg,C:\Users\merch\OneDrive\Pictures\Download Images\FinchGiftShopWhatsapp Media\IMG-20230224-WA0020.jpg,download,FinchGiftShopWhatsapp Media
IMG-20230224-WA0021.jpg,C:\Users\merch\OneDrive\Pictures\Download Images\FinchGiftShopWhatsapp Media\IMG-20230224-WA0021.jpg,download,FinchGiftShopWhatsapp Media
IMG-20230224-WA0022.jpg,C:\Users\merch\OneDrive\Pictures\Download Images\FinchGiftShopWhatsapp Media\IMG-20230224-WA0022.jpg,download,FinchGiftShopWhatsapp Media
IMG-20230227-WA0005.jpg,C:\Users\merch\OneDrive\Pictures\Download Images\FinchGiftShopWhatsapp Media\IMG-20230227-WA0005.jpg,download,FinchGiftShopWhatsapp Media
IMG-20230227-WA0006.jpg,C:\Users\merch\OneDrive\Pictures\Download Images\FinchGiftShopWhatsapp Media\IMG-20230227-WA0006.jpg,download,FinchGiftShopWhatsapp Media
IMG-20230227-WA0007.jpg,C:\Users\merch\OneDrive\Pictures\Download Images\FinchGiftShopWhatsapp Media\IMG-20230227-WA0007.jpg,download,FinchGiftShopWhatsapp Media
IMG-20230227-WA0008.jpg,C:\Users\merch\OneDrive\Pictures\Download Images\FinchGiftShopWhatsapp Media\IMG-20230227-WA0008.jpg,download,FinchGiftShopWhatsapp Media
IMG-20230227-WA0009.jpeg,C:\Users\merch\OneDrive\Pictures\Download Images\FinchGiftShopWhatsapp Media\IMG-20230227-WA0009.jpeg,download,FinchGiftShopWhatsapp Media
IMG-20230228-WA0001.jpeg,C:\Users\merch\OneDrive\Pictures\Download Images\FinchGiftShopWhatsapp Media\IMG-20230228-WA0001.jpeg,download,FinchGiftShopWhatsapp Media
IMG-20230228-WA0003.jpeg,C:\Users\merch\OneDrive\Pictures\Download Images\FinchGiftShopWhatsapp Media\IMG-20230228-WA0003.jpeg,download,FinchGiftShopWhatsapp Media
IMG-20230228-WA0006.jpeg,C:\Users\merch\OneDrive\Pictures\Download Images\FinchGiftShopWhatsapp Media\IMG-20230228-WA0006.jpeg,download,FinchGiftShopWhatsapp Media
IMG-20230228-WA0008.jpeg,C:\Users\merch\OneDrive\Pictures\Download Images\FinchGiftShopWhatsapp Media\IMG-20230228-WA0008.jpeg,download,FinchGiftShopWhatsapp Media
IMG-20230228-WA0010.jpeg,C:\Users\merch\OneDrive\Pictures\Download Images\FinchGiftShopWhatsapp Media\IMG-20230228-WA0010.jpeg,download,FinchGiftShopWhatsapp Media
IMG-20230303-WA0017.jpg,C:\Users\merch\OneDrive\Pictures\Download Images\FinchGiftShopWhatsapp Media\IMG-20230303-WA0017.jpg,download,FinchGiftShopWhatsapp Media
IMG-20230306-WA0006.jpeg,C:\Users\merch\OneDrive\Pictures\Download Images\FinchGiftShopWhatsapp Media\IMG-20230306-WA0006.jpeg,download,FinchGiftShopWhatsapp Media
IMG-20230307-WA0000.jpeg,C:\Users\merch\OneDrive\Pictures\Download Images\FinchGiftShopWhatsapp Media\IMG-20230307-WA0000.jpeg,download,FinchGiftShopWhatsapp Media
IMG-20230311-WA0008.jpg,C:\Users\merch\OneDrive\Pictures\Download Images\FinchGiftShopWhatsapp Media\IMG-20230311-WA0008.jpg,download,FinchGiftShopWhatsapp Media
IMG-20230311-WA0009.jpg,C:\Users\merch\OneDrive\Pictures\Download Images\FinchGiftShopWhatsapp Media\IMG-20230311-WA0009.jpg,download,FinchGiftShopWhatsapp Media
IMG-20230311-WA0010.jpg,C:\Users\merch\OneDrive\Pictures\Download Images\FinchGiftShopWhatsapp Media\IMG-20230311-WA0010.jpg,download,FinchGiftShopWhatsapp Media
IMG-20230311-WA0011.jpg,C:\Users\merch\OneDrive\Pictures\Download Images\FinchGiftShopWhatsapp Media\IMG-20230311-WA0011.jpg,download,FinchGiftShopWhatsapp Media
IMG-20230311-WA0013.jpg,C:\Users\merch\OneDrive\Pictures\Download Images\FinchGiftShopWhatsapp Media\IMG-20230311-WA0013.jpg,download,FinchGiftShopWhatsapp Media
IMG-20230311-WA0014.jpg,C:\Users\merch\OneDrive\Pictures\Download Images\FinchGiftShopWhatsapp Media\IMG-20230311-WA0014.jpg,download,FinchGiftShopWhatsapp Media
IMG-20230311-WA0015.jpg,C:\Users\merch\OneDrive\Pictures\Download Images\FinchGiftShopWhatsapp Media\IMG-20230311-WA0015.jpg,download,FinchGiftShopWhatsapp Media
IMG-20230311-WA0016.jpg,C:\Users\merch\OneDrive\Pictures\Download Images\FinchGiftShopWhatsapp Media\IMG-20230311-WA0016.jpg,download,FinchGiftShopWhatsapp Media
IMG-20230311-WA0017.jpg,C:\Users\merch\OneDrive\Pictures\Download Images\FinchGiftShopWhatsapp Media\IMG-20230311-WA0017.jpg,download,FinchGiftShopWhatsapp Media
IMG-20230311-WA0020.jpg,C:\Users\merch\OneDrive\Pictures\Download Images\FinchGiftShopWhatsapp Media\IMG-20230311-WA0020.jpg,download,FinchGiftShopWhatsapp Media
IMG-20230312-WA0007.jpeg,C:\Users\merch\OneDrive\Pictures\Download Images\FinchGiftShopWhatsapp Media\IMG-20230312-WA0007.jpeg,download,FinchGiftShopWhatsapp Media
IMG-20230313-WA0009.jpeg,C:\Users\merch\OneDrive\Pictures\Download Images\FinchGiftShopWhatsapp Media\IMG-20230313-WA0009.jpeg,download,FinchGiftShopWhatsapp Media
IMG-20230316-WA0012.jpeg,C:\Users\merch\OneDrive\Pictures\Download Images\FinchGiftShopWhatsapp Media\IMG-20230316-WA0012.jpeg,download,FinchGiftShopWhatsapp Media
IMG-20230316-WA0016.jpeg,C:\Users\merch\OneDrive\Pictures\Download Images\FinchGiftShopWhatsapp Media\IMG-20230316-WA0016.jpeg,download,FinchGiftShopWhatsapp Media
IMG-20230316-WA0022.jpeg,C:\Users\merch\OneDrive\Pictures\Download Images\FinchGiftShopWhatsapp Media\IMG-20230316-WA0022.jpeg,download,FinchGiftShopWhatsapp Media
IMG-20230316-WA0026.jpeg,C:\Users\merch\OneDrive\Pictures\Download Images\FinchGiftShopWhatsapp Media\IMG-20230316-WA0026.jpeg,download,FinchGiftShopWhatsapp Media
IMG-20230320-WA0012.jpg,C:\Users\merch\OneDrive\Pictures\Download Images\FinchGiftShopWhatsapp Media\IMG-20230320-WA0012.jpg,download,FinchGiftShopWhatsapp Media
IMG-20230323-WA0010.jpg,C:\Users\merch\OneDrive\Pictures\Download Images\FinchGiftShopWhatsapp Media\IMG-20230323-WA0010.jpg,download,FinchGiftShopWhatsapp Media
IMG-20230323-WA0011.jpg,C:\Users\merch\OneDrive\Pictures\Download Images\FinchGiftShopWhatsapp Media\IMG-20230323-WA0011.jpg,download,FinchGiftShopWhatsapp Media
IMG-20230326-WA0001.jpeg,C:\Users\merch\OneDrive\Pictures\Download Images\FinchGiftShopWhatsapp Media\IMG-20230326-WA0001.jpeg,download,FinchGiftShopWhatsapp Media
IMG-20230326-WA0003.jpeg,C:\Users\merch\OneDrive\Pictures\Download Images\FinchGiftShopWhatsapp Media\IMG-20230326-WA0003.jpeg,download,FinchGiftShopWhatsapp Media
IMG-20230326-WA0005.jpeg,C:\Users\merch\OneDrive\Pictures\Download Images\FinchGiftShopWhatsapp Media\IMG-20230326-WA0005.jpeg,download,FinchGiftShopWhatsapp Media
IMG-20230331-WA0013.jpeg,C:\Users\merch\OneDrive\Pictures\Download Images\FinchGiftShopWhatsapp Media\IMG-20230331-WA0013.jpeg,download,FinchGiftShopWhatsapp Media
IMG-20230331-WA0015.jpeg,C:\Users\merch\OneDrive\Pictures\Download Images\FinchGiftShopWhatsapp Media\IMG-20230331-WA0015.jpeg,download,FinchGiftShopWhatsapp Media
IMG-20230331-WA0017.jpeg,C:\Users\merch\OneDrive\Pictures\Download Images\FinchGiftShopWhatsapp Media\IMG-20230331-WA0017.jpeg,download,FinchGiftShopWhatsapp Media
IMG-20230331-WA0019.jpeg,C:\Users\merch\OneDrive\Pictures\Download Images\FinchGiftShopWhatsapp Media\IMG-20230331-WA0019.jpeg,download,FinchGiftShopWhatsapp Media
IMG-20230331-WA0021.jpeg,C:\Users\merch\OneDrive\Pictures\Download Images\FinchGiftShopWhatsapp Media\IMG-20230331-WA0021.jpeg,download,FinchGiftShopWhatsapp Media
IMG-20230331-WA0025.jpeg,C:\Users\merch\OneDrive\Pictures\Download Images\FinchGiftShopWhatsapp Media\IMG-20230331-WA0025.jpeg,download,FinchGiftShopWhatsapp Media
IMG-20230331-WA0027.jpeg,C:\Users\merch\OneDrive\Pictures\Download Images\FinchGiftShopWhatsapp Media\IMG-20230331-WA0027.jpeg,download,FinchGiftShopWhatsapp Media
IMG-20230331-WA0029.jpeg,C:\Users\merch\OneDrive\Pictures\Download Images\FinchGiftShopWhatsapp Media\IMG-20230331-WA0029.jpeg,download,FinchGiftShopWhatsapp Media
IMG-20230331-WA0031.jpeg,C:\Users\merch\OneDrive\Pictures\Download Images\FinchGiftShopWhatsapp Media\IMG-20230331-WA0031.jpeg,download,FinchGiftShopWhatsapp Media
IMG-20230331-WA0033.jpeg,C:\Users\merch\OneDrive\Pictures\Download Images\FinchGiftShopWhatsapp Media\IMG-20230331-WA0033.jpeg,download,FinchGiftShopWhatsapp Media
IMG-20230331-WA0035.jpeg,C:\Users\merch\OneDrive\Pictures\Download Images\FinchGiftShopWhatsapp Media\IMG-20230331-WA0035.jpeg,download,FinchGiftShopWhatsapp Media
IMG-20230331-WA0037.jpeg,C:\Users\merch\OneDrive\Pictures\Download Images\FinchGiftShopWhatsapp Media\IMG-20230331-WA0037.jpeg,download,FinchGiftShopWhatsapp Media
IMG-20230331-WA0039.jpeg,C:\Users\merch\OneDrive\Pictures\Download Images\FinchGiftShopWhatsapp Media\IMG-20230331-WA0039.jpeg,download,FinchGiftShopWhatsapp Media
IMG-20230402-WA0000.jpeg,C:\Users\merch\OneDrive\Pictures\Download Images\FinchGiftShopWhatsapp Media\IMG-20230402-WA0000.jpeg,download,FinchGiftShopWhatsapp Media
IMG-20230404-WA0002.jpeg,C:\Users\merch\OneDrive\Pictures\Download Images\FinchGiftShopWhatsapp Media\IMG-20230404-WA0002.jpeg,download,FinchGiftShopWhatsapp Media
IMG-20230406-WA0011.jpeg,C:\Users\merch\OneDrive\Pictures\Download Images\FinchGiftShopWhatsapp Media\IMG-20230406-WA0011.jpeg,download,FinchGiftShopWhatsapp Media
IMG-20230412-WA0002.jpeg,C:\Users\merch\OneDrive\Pictures\Download Images\FinchGiftShopWhatsapp Media\IMG-20230412-WA0002.jpeg,download,FinchGiftShopWhatsapp Media
IMG-20230417-WA0010.jpeg,C:\Users\merch\OneDrive\Pictures\Download Images\FinchGiftShopWhatsapp Media\IMG-20230417-WA0010.jpeg,download,FinchGiftShopWhatsapp Media
IMG-20230417-WA0016.jpeg,C:\Users\merch\OneDrive\Pictures\Download Images\FinchGiftShopWhatsapp Media\IMG-20230417-WA0016.jpeg,download,FinchGiftShopWhatsapp Media
IMG-20230419-WA0011.jpg,C:\Users\merch\OneDrive\Pictures\Download Images\FinchGiftShopWhatsapp Media\IMG-20230419-WA0011.jpg,download,FinchGiftShopWhatsapp Media
IMG-20230420-WA0020.jpeg,C:\Users\merch\OneDrive\Pictures\Download Images\FinchGiftShopWhatsapp Media\IMG-20230420-WA0020.jpeg,download,FinchGiftShopWhatsapp Media
IMG-20230422-WA0008.jpeg,C:\Users\merch\OneDrive\Pictures\Download Images\FinchGiftShopWhatsapp Media\IMG-20230422-WA0008.jpeg,download,FinchGiftShopWhatsapp Media
IMG-20230425-WA0007.jpg,C:\Users\merch\OneDrive\Pictures\Download Images\FinchGiftShopWhatsapp Media\IMG-20230425-WA0007.jpg,download,FinchGiftShopWhatsapp Media
IMG-20230426-WA0004.jpg,C:\Users\merch\OneDrive\Pictures\Download Images\FinchGiftShopWhatsapp Media\IMG-20230426-WA0004.jpg,download,FinchGiftShopWhatsapp Media
IMG-20230426-WA0017.jpg,C:\Users\merch\OneDrive\Pictures\Download Images\FinchGiftShopWhatsapp Media\IMG-20230426-WA0017.jpg,download,FinchGiftShopWhatsapp Media
IMG-20230426-WA0018.jpg,C:\Users\merch\OneDrive\Pictures\Download Images\FinchGiftShopWhatsapp Media\IMG-20230426-WA0018.jpg,download,FinchGiftShopWhatsapp Media
IMG-20230503-WA0016.jpg,C:\Users\merch\OneDrive\Pictures\Download Images\FinchGiftShopWhatsapp Media\IMG-20230503-WA0016.jpg,download,FinchGiftShopWhatsapp Media
IMG-20230504-WA0001.jpeg,C:\Users\merch\OneDrive\Pictures\Download Images\FinchGiftShopWhatsapp Media\IMG-20230504-WA0001.jpeg,download,FinchGiftShopWhatsapp Media
IMG-20230504-WA0002.jpg,C:\Users\merch\OneDrive\Pictures\Download Images\FinchGiftShopWhatsapp Media\IMG-20230504-WA0002.jpg,download,FinchGiftShopWhatsapp Media
IMG-20230504-WA0003.jpeg,C:\Users\merch\OneDrive\Pictures\Download Images\FinchGiftShopWhatsapp Media\IMG-20230504-WA0003.jpeg,download,FinchGiftShopWhatsapp Media
IMG-20230504-WA0006.jpeg,C:\Users\merch\OneDrive\Pictures\Download Images\FinchGiftShopWhatsapp Media\IMG-20230504-WA0006.jpeg,download,FinchGiftShopWhatsapp Media
IMG-20230504-WA0008.jpeg,C:\Users\merch\OneDrive\Pictures\Download Images\FinchGiftShopWhatsapp Media\IMG-20230504-WA0008.jpeg,download,FinchGiftShopWhatsapp Media
IMG-20230504-WA0010.jpeg,C:\Users\merch\OneDrive\Pictures\Download Images\FinchGiftShopWhatsapp Media\IMG-20230504-WA0010.jpeg,download,FinchGiftShopWhatsapp Media
IMG-20230505-WA0002.jpg,C:\Users\merch\OneDrive\Pictures\Download Images\FinchGiftShopWhatsapp Media\IMG-20230505-WA0002.jpg,download,FinchGiftShopWhatsapp Media
IMG-20230511-WA0006.jpeg,C:\Users\merch\OneDrive\Pictures\Download Images\FinchGiftShopWhatsapp Media\IMG-20230511-WA0006.jpeg,download,FinchGiftShopWhatsapp Media
IMG-20230511-WA0008.jpeg,C:\Users\merch\OneDrive\Pictures\Download Images\FinchGiftShopWhatsapp Media\IMG-20230511-WA0008.jpeg,download,FinchGiftShopWhatsapp Media
IMG-20230511-WA0012.jpeg,C:\Users\merch\OneDrive\Pictures\Download Images\FinchGiftShopWhatsapp Media\IMG-20230511-WA0012.jpeg,download,FinchGiftShopWhatsapp Media
IMG-20230514-WA0000.jpg,C:\Users\merch\OneDrive\Pictures\Download Images\FinchGiftShopWhatsapp Media\IMG-20230514-WA0000.jpg,download,FinchGiftShopWhatsapp Media
IMG-20230514-WA0002.jpeg,C:\Users\merch\OneDrive\Pictures\Download Images\FinchGiftShopWhatsapp Media\IMG-20230514-WA0002.jpeg,download,FinchGiftShopWhatsapp Media
IMG-20230514-WA0003.jpg,C:\Users\merch\OneDrive\Pictures\Download Images\FinchGiftShopWhatsapp Media\IMG-20230514-WA0003.jpg,download,FinchGiftShopWhatsapp Media
IMG-20230514-WA0004.jpg,C:\Users\merch\OneDrive\Pictures\Download Images\FinchGiftShopWhatsapp Media\IMG-20230514-WA0004.jpg,download,FinchGiftShopWhatsapp Media
IMG-20230514-WA0005.jpg,C:\Users\merch\OneDrive\Pictures\Download Images\FinchGiftShopWhatsapp Media\IMG-20230514-WA0005.jpg,download,FinchGiftShopWhatsapp Media
IMG-20230516-WA0003.jpg,C:\Users\merch\OneDrive\Pictures\Download Images\FinchGiftShopWhatsapp Media\IMG-20230516-WA0003.jpg,download,FinchGiftShopWhatsapp Media
IMG-20230516-WA0004.jpg,C:\Users\merch\OneDrive\Pictures\Download Images\FinchGiftShopWhatsapp Media\IMG-20230516-WA0004.jpg,download,FinchGiftShopWhatsapp Media
IMG-20230516-WA0007.jpg,C:\Users\merch\OneDrive\Pictures\Download Images\FinchGiftShopWhatsapp Media\IMG-20230516-WA0007.jpg,download,FinchGiftShopWhatsapp Media
IMG-20230518-WA0015.jpeg,C:\Users\merch\OneDrive\Pictures\Download Images\FinchGiftShopWhatsapp Media\IMG-20230518-WA0015.jpeg,download,FinchGiftShopWhatsapp Media
IMG-20230521-WA0002.jpeg,C:\Users\merch\OneDrive\Pictures\Download Images\FinchGiftShopWhatsapp Media\IMG-20230521-WA0002.jpeg,download,FinchGiftShopWhatsapp Media
IMG-20230523-WA0005.jpeg,C:\Users\merch\OneDrive\Pictures\Download Images\FinchGiftShopWhatsapp Media\IMG-20230523-WA0005.jpeg,download,FinchGiftShopWhatsapp Media
IMG-20230523-WA0007.jpeg,C:\Users\merch\OneDrive\Pictures\Download Images\FinchGiftShopWhatsapp Media\IMG-20230523-WA0007.jpeg,download,FinchGiftShopWhatsapp Media
IMG-20230523-WA0009.jpeg,C:\Users\merch\OneDrive\Pictures\Download Images\FinchGiftShopWhatsapp Media\IMG-20230523-WA0009.jpeg,download,FinchGiftShopWhatsapp Media
IMG-20230523-WA0011.jpeg,C:\Users\merch\OneDrive\Pictures\Download Images\FinchGiftShopWhatsapp Media\IMG-20230523-WA0011.jpeg,download,FinchGiftShopWhatsapp Media
IMG-20230523-WA0013.jpeg,C:\Users\merch\OneDrive\Pictures\Download Images\FinchGiftShopWhatsapp Media\IMG-20230523-WA0013.jpeg,download,FinchGiftShopWhatsapp Media
IMG-20230523-WA0015.jpeg,C:\Users\merch\OneDrive\Pictures\Download Images\FinchGiftShopWhatsapp Media\IMG-20230523-WA0015.jpeg,download,FinchGiftShopWhatsapp Media
IMG-20230523-WA0017.jpeg,C:\Users\merch\OneDrive\Pictures\Download Images\FinchGiftShopWhatsapp Media\IMG-20230523-WA0017.jpeg,download,FinchGiftShopWhatsapp Media
IMG-20230523-WA0019.jpeg,C:\Users\merch\OneDrive\Pictures\Download Images\FinchGiftShopWhatsapp Media\IMG-20230523-WA0019.jpeg,download,FinchGiftShopWhatsapp Media
IMG-20230523-WA0021.jpeg,C:\Users\merch\OneDrive\Pictures\Download Images\FinchGiftShopWhatsapp Media\IMG-20230523-WA0021.jpeg,download,FinchGiftShopWhatsapp Media
IMG-20230523-WA0023.jpeg,C:\Users\merch\OneDrive\Pictures\Download Images\FinchGiftShopWhatsapp Media\IMG-20230523-WA0023.jpeg,download,FinchGiftShopWhatsapp Media
IMG-20230523-WA0025.jpeg,C:\Users\merch\OneDrive\Pictures\Download Images\FinchGiftShopWhatsapp Media\IMG-20230523-WA0025.jpeg,download,FinchGiftShopWhatsapp Media
IMG-20230523-WA0027.jpeg,C:\Users\merch\OneDrive\Pictures\Download Images\FinchGiftShopWhatsapp Media\IMG-20230523-WA0027.jpeg,download,FinchGiftShopWhatsapp Media
IMG-20230523-WA0029.jpeg,C:\Users\merch\OneDrive\Pictures\Download Images\FinchGiftShopWhatsapp Media\IMG-20230523-WA0029.jpeg,download,FinchGiftShopWhatsapp Media
IMG-20230523-WA0031.jpeg,C:\Users\merch\OneDrive\Pictures\Download Images\FinchGiftShopWhatsapp Media\IMG-20230523-WA0031.jpeg,download,FinchGiftShopWhatsapp Media
IMG-20230523-WA0033.jpeg,C:\Users\merch\OneDrive\Pictures\Download Images\FinchGiftShopWhatsapp Media\IMG-20230523-WA0033.jpeg,download,FinchGiftShopWhatsapp Media
IMG-20230523-WA0035.jpeg,C:\Users\merch\OneDrive\Pictures\Download Images\FinchGiftShopWhatsapp Media\IMG-20230523-WA0035.jpeg,download,FinchGiftShopWhatsapp Media
IMG-20230523-WA0037.jpeg,C:\Users\merch\OneDrive\Pictures\Download Images\FinchGiftShopWhatsapp Media\IMG-20230523-WA0037.jpeg,download,FinchGiftShopWhatsapp Media
IMG-20230523-WA0039.jpeg,C:\Users\merch\OneDrive\Pictures\Download Images\FinchGiftShopWhatsapp Media\IMG-20230523-WA0039.jpeg,download,FinchGiftShopWhatsapp Media
IMG-20230523-WA0041.jpeg,C:\Users\merch\OneDrive\Pictures\Download Images\FinchGiftShopWhatsapp Media\IMG-20230523-WA0041.jpeg,download,FinchGiftShopWhatsapp Media
IMG-20230523-WA0043.jpeg,C:\Users\merch\OneDrive\Pictures\Download Images\FinchGiftShopWhatsapp Media\IMG-20230523-WA0043.jpeg,download,FinchGiftShopWhatsapp Media
IMG-20230523-WA0045.jpeg,C:\Users\merch\OneDrive\Pictures\Download Images\FinchGiftShopWhatsapp Media\IMG-20230523-WA0045.jpeg,download,FinchGiftShopWhatsapp Media
IMG-20230523-WA0047.jpeg,C:\Users\merch\OneDrive\Pictures\Download Images\FinchGiftShopWhatsapp Media\IMG-20230523-WA0047.jpeg,download,FinchGiftShopWhatsapp Media
IMG-20230523-WA0049.jpeg,C:\Users\merch\OneDrive\Pictures\Download Images\FinchGiftShopWhatsapp Media\IMG-20230523-WA0049.jpeg,download,FinchGiftShopWhatsapp Media
IMG-20230523-WA0051.jpeg,C:\Users\merch\OneDrive\Pictures\Download Images\FinchGiftShopWhatsapp Media\IMG-20230523-WA0051.jpeg,download,FinchGiftShopWhatsapp Media
IMG-20230523-WA0053.jpeg,C:\Users\merch\OneDrive\Pictures\Download Images\FinchGiftShopWhatsapp Media\IMG-20230523-WA0053.jpeg,download,FinchGiftShopWhatsapp Media
IMG-20230523-WA0055.jpeg,C:\Users\merch\OneDrive\Pictures\Download Images\FinchGiftShopWhatsapp Media\IMG-20230523-WA0055.jpeg,download,FinchGiftShopWhatsapp Media
IMG-20230523-WA0057.jpeg,C:\Users\merch\OneDrive\Pictures\Download Images\FinchGiftShopWhatsapp Media\IMG-20230523-WA0057.jpeg,download,FinchGiftShopWhatsapp Media
IMG-20230523-WA0059.jpeg,C:\Users\merch\OneDrive\Pictures\Download Images\FinchGiftShopWhatsapp Media\IMG-20230523-WA0059.jpeg,download,FinchGiftShopWhatsapp Media
IMG-20230523-WA0061.jpeg,C:\Users\merch\OneDrive\Pictures\Download Images\FinchGiftShopWhatsapp Media\IMG-20230523-WA0061.jpeg,download,FinchGiftShopWhatsapp Media
IMG-20230523-WA0063.jpeg,C:\Users\merch\OneDrive\Pictures\Download Images\FinchGiftShopWhatsapp Media\IMG-20230523-WA0063.jpeg,download,FinchGiftShopWhatsapp Media
IMG-20230523-WA0065.jpeg,C:\Users\merch\OneDrive\Pictures\Download Images\FinchGiftShopWhatsapp Media\IMG-20230523-WA0065.jpeg,download,FinchGiftShopWhatsapp Media
IMG-20230523-WA0067.jpeg,C:\Users\merch\OneDrive\Pictures\Download Images\FinchGiftShopWhatsapp Media\IMG-20230523-WA0067.jpeg,download,FinchGiftShopWhatsapp Media
IMG-20230524-WA0007.jpeg,C:\Users\merch\OneDrive\Pictures\Download Images\FinchGiftShopWhatsapp Media\IMG-20230524-WA0007.jpeg,download,FinchGiftShopWhatsapp Media
IMG-20230524-WA0009.jpeg,C:\Users\merch\OneDrive\Pictures\Download Images\FinchGiftShopWhatsapp Media\IMG-20230524-WA0009.jpeg,download,FinchGiftShopWhatsapp Media
IMG-20230524-WA0012.jpeg,C:\Users\merch\OneDrive\Pictures\Download Images\FinchGiftShopWhatsapp Media\IMG-20230524-WA0012.jpeg,download,FinchGiftShopWhatsapp Media
IMG-20230524-WA0013.jpg,C:\Users\merch\OneDrive\Pictures\Download Images\FinchGiftShopWhatsapp Media\IMG-20230524-WA0013.jpg,download,FinchGiftShopWhatsapp Media
IMG-20230524-WA0014.jpeg,C:\Users\merch\OneDrive\Pictures\Download Images\FinchGiftShopWhatsapp Media\IMG-20230524-WA0014.jpeg,download,FinchGiftShopWhatsapp Media
IMG-20230524-WA0015.jpg,C:\Users\merch\OneDrive\Pictures\Download Images\FinchGiftShopWhatsapp Media\IMG-20230524-WA0015.jpg,download,FinchGiftShopWhatsapp Media
IMG-20230524-WA0016.jpeg,C:\Users\merch\OneDrive\Pictures\Download Images\FinchGiftShopWhatsapp Media\IMG-20230524-WA0016.jpeg,download,FinchGiftShopWhatsapp Media
IMG-20230524-WA0017.jpeg,C:\Users\merch\OneDrive\Pictures\Download Images\FinchGiftShopWhatsapp Media\IMG-20230524-WA0017.jpeg,download,FinchGiftShopWhatsapp Media
IMG-20230526-WA0003.jpeg,C:\Users\merch\OneDrive\Pictures\Download Images\FinchGiftShopWhatsapp Media\IMG-20230526-WA0003.jpeg,download,FinchGiftShopWhatsapp Media
IMG-20230526-WA0005.jpeg,C:\Users\merch\OneDrive\Pictures\Download Images\FinchGiftShopWhatsapp Media\IMG-20230526-WA0005.jpeg,download,FinchGiftShopWhatsapp Media
IMG-20230526-WA0008.jpg,C:\Users\merch\OneDrive\Pictures\Download Images\FinchGiftShopWhatsapp Media\IMG-20230526-WA0008.jpg,download,FinchGiftShopWhatsapp Media
IMG-20230526-WA0009.jpg,C:\Users\merch\OneDrive\Pictures\Download Images\FinchGiftShopWhatsapp Media\IMG-20230526-WA0009.jpg,download,FinchGiftShopWhatsapp Media
IMG-20230526-WA0010.jpg,C:\Users\merch\OneDrive\Pictures\Download Images\FinchGiftShopWhatsapp Media\IMG-20230526-WA0010.jpg,download,FinchGiftShopWhatsapp Media
IMG-20230528-WA0003.jpeg,C:\Users\merch\OneDrive\Pictures\Download Images\FinchGiftShopWhatsapp Media\IMG-20230528-WA0003.jpeg,download,FinchGiftShopWhatsapp Media
IMG-20230528-WA0004.jpeg,C:\Users\merch\OneDrive\Pictures\Download Images\FinchGiftShopWhatsapp Media\IMG-20230528-WA0004.jpeg,download,FinchGiftShopWhatsapp Media
IMG-20230528-WA0007.jpeg,C:\Users\merch\OneDrive\Pictures\Download Images\FinchGiftShopWhatsapp Media\IMG-20230528-WA0007.jpeg,download,FinchGiftShopWhatsapp Media
IMG-20230528-WA0009.jpeg,C:\Users\merch\OneDrive\Pictures\Download Images\FinchGiftShopWhatsapp Media\IMG-20230528-WA0009.jpeg,download,FinchGiftShopWhatsapp Media
IMG-20230610-WA0005.jpg,C:\Users\merch\OneDrive\Pictures\Download Images\FinchGiftShopWhatsapp Media\IMG-20230610-WA0005.jpg,download,FinchGiftShopWhatsapp Media
IMG-20230618-WA0009.jpg,C:\Users\merch\OneDrive\Pictures\Download Images\FinchGiftShopWhatsapp Media\IMG-20230618-WA0009.jpg,download,FinchGiftShopWhatsapp Media
IMG-20230621-WA0005.jpg,C:\Users\merch\OneDrive\Pictures\Download Images\FinchGiftShopWhatsapp Media\IMG-20230621-WA0005.jpg,download,FinchGiftShopWhatsapp Media
IMG-20230621-WA0006.jpg,C:\Users\merch\OneDrive\Pictures\Download Images\FinchGiftShopWhatsapp Media\IMG-20230621-WA0006.jpg,download,FinchGiftShopWhatsapp Media
IMG-20230622-WA0007.jpg,C:\Users\merch\OneDrive\Pictures\Download Images\FinchGiftShopWhatsapp Media\IMG-20230622-WA0007.jpg,download,FinchGiftShopWhatsapp Media
IMG-20230623-WA0048.jpeg,C:\Users\merch\OneDrive\Pictures\Download Images\FinchGiftShopWhatsapp Media\IMG-20230623-WA0048.jpeg,download,FinchGiftShopWhatsapp Media
IMG-20230623-WA0050.jpeg,C:\Users\merch\OneDrive\Pictures\Download Images\FinchGiftShopWhatsapp Media\IMG-20230623-WA0050.jpeg,download,FinchGiftShopWhatsapp Media
IMG-20230626-WA0010.jpg,C:\Users\merch\OneDrive\Pictures\Download Images\FinchGiftShopWhatsapp Media\IMG-20230626-WA0010.jpg,download,FinchGiftShopWhatsapp Media
IMG-20230701-WA0000.jpeg,C:\Users\merch\OneDrive\Pictures\Download Images\FinchGiftShopWhatsapp Media\IMG-20230701-WA0000.jpeg,download,FinchGiftShopWhatsapp Media
IMG-20230702-WA0009.jpeg,C:\Users\merch\OneDrive\Pictures\Download Images\FinchGiftShopWhatsapp Media\IMG-20230702-WA0009.jpeg,download,FinchGiftShopWhatsapp Media
IMG-20230702-WA0011.jpeg,C:\Users\merch\OneDrive\Pictures\Download Images\FinchGiftShopWhatsapp Media\IMG-20230702-WA0011.jpeg,download,FinchGiftShopWhatsapp Media
IMG-20230705-WA0022.jpg,C:\Users\merch\OneDrive\Pictures\Download Images\FinchGiftShopWhatsapp Media\IMG-20230705-WA0022.jpg,download,FinchGiftShopWhatsapp Media
IMG-20230705-WA0023.jpg,C:\Users\merch\OneDrive\Pictures\Download Images\FinchGiftShopWhatsapp Media\IMG-20230705-WA0023.jpg,download,FinchGiftShopWhatsapp Media
IMG-20230705-WA0025.jpg,C:\Users\merch\OneDrive\Pictures\Download Images\FinchGiftShopWhatsapp Media\IMG-20230705-WA0025.jpg,download,FinchGiftShopWhatsapp Media
IMG-20230705-WA0026.jpg,C:\Users\merch\OneDrive\Pictures\Download Images\FinchGiftShopWhatsapp Media\IMG-20230705-WA0026.jpg,download,FinchGiftShopWhatsapp Media
IMG-20230705-WA0027.jpg,C:\Users\merch\OneDrive\Pictures\Download Images\FinchGiftShopWhatsapp Media\IMG-20230705-WA0027.jpg,download,FinchGiftShopWhatsapp Media
IMG-20230713-WA0002.jpg,C:\Users\merch\OneDrive\Pictures\Download Images\FinchGiftShopWhatsapp Media\IMG-20230713-WA0002.jpg,download,FinchGiftShopWhatsapp Media
IMG-20230713-WA0003.jpg,C:\Users\merch\OneDrive\Pictures\Download Images\FinchGiftShopWhatsapp Media\IMG-20230713-WA0003.jpg,download,FinchGiftShopWhatsapp Media
IMG-20230713-WA0004.jpg,C:\Users\merch\OneDrive\Pictures\Download Images\FinchGiftShopWhatsapp Media\IMG-20230713-WA0004.jpg,download,FinchGiftShopWhatsapp Media
IMG-20230713-WA0005.jpg,C:\Users\merch\OneDrive\Pictures\Download Images\FinchGiftShopWhatsapp Media\IMG-20230713-WA0005.jpg,download,FinchGiftShopWhatsapp Media
IMG-20230713-WA0006.jpg,C:\Users\merch\OneDrive\Pictures\Download Images\FinchGiftShopWhatsapp Media\IMG-20230713-WA0006.jpg,download,FinchGiftShopWhatsapp Media
IMG-20230713-WA0007.jpg,C:\Users\merch\OneDrive\Pictures\Download Images\FinchGiftShopWhatsapp Media\IMG-20230713-WA0007.jpg,download,FinchGiftShopWhatsapp Media
IMG-20230715-WA0005.jpeg,C:\Users\merch\OneDrive\Pictures\Download Images\FinchGiftShopWhatsapp Media\IMG-20230715-WA0005.jpeg,download,FinchGiftShopWhatsapp Media
IMG-20230715-WA0008.jpg,C:\Users\merch\OneDrive\Pictures\Download Images\FinchGiftShopWhatsapp Media\IMG-20230715-WA0008.jpg,download,FinchGiftShopWhatsapp Media
IMG-20230717-WA0003.jpg,C:\Users\merch\OneDrive\Pictures\Download Images\FinchGiftShopWhatsapp Media\IMG-20230717-WA0003.jpg,download,FinchGiftShopWhatsapp Media
IMG-20230717-WA0004.jpg,C:\Users\merch\OneDrive\Pictures\Download Images\FinchGiftShopWhatsapp Media\IMG-20230717-WA0004.jpg,download,FinchGiftShopWhatsapp Media
IMG-20230718-WA0004.jpg,C:\Users\merch\OneDrive\Pictures\Download Images\FinchGiftShopWhatsapp Media\IMG-20230718-WA0004.jpg,download,FinchGiftShopWhatsapp Media
IMG-20230719-WA0005.jpg,C:\Users\merch\OneDrive\Pictures\Download Images\FinchGiftShopWhatsapp Media\IMG-20230719-WA0005.jpg,download,FinchGiftShopWhatsapp Media
IMG-20230719-WA0006.jpeg,C:\Users\merch\OneDrive\Pictures\Download Images\FinchGiftShopWhatsapp Media\IMG-20230719-WA0006.jpeg,download,FinchGiftShopWhatsapp Media
IMG-20230719-WA0008.jpeg,C:\Users\merch\OneDrive\Pictures\Download Images\FinchGiftShopWhatsapp Media\IMG-20230719-WA0008.jpeg,download,FinchGiftShopWhatsapp Media
IMG-20230723-WA0000.jpeg,C:\Users\merch\OneDrive\Pictures\Download Images\FinchGiftShopWhatsapp Media\IMG-20230723-WA0000.jpeg,download,FinchGiftShopWhatsapp Media
IMG-20230723-WA0002.jpeg,C:\Users\merch\OneDrive\Pictures\Download Images\FinchGiftShopWhatsapp Media\IMG-20230723-WA0002.jpeg,download,FinchGiftShopWhatsapp Media
IMG-20230723-WA0012.jpeg,C:\Users\merch\OneDrive\Pictures\Download Images\FinchGiftShopWhatsapp Media\IMG-20230723-WA0012.jpeg,download,FinchGiftShopWhatsapp Media
IMG-20230724-WA0002.jpeg,C:\Users\merch\OneDrive\Pictures\Download Images\FinchGiftShopWhatsapp Media\IMG-20230724-WA0002.jpeg,download,FinchGiftShopWhatsapp Media
IMG-20230724-WA0015.jpeg,C:\Users\merch\OneDrive\Pictures\Download Images\FinchGiftShopWhatsapp Media\IMG-20230724-WA0015.jpeg,download,FinchGiftShopWhatsapp Media
IMG-20230726-WA0002.jpeg,C:\Users\merch\OneDrive\Pictures\Download Images\FinchGiftShopWhatsapp Media\IMG-20230726-WA0002.jpeg,download,FinchGiftShopWhatsapp Media
IMG-20230729-WA0002.jpg,C:\Users\merch\OneDrive\Pictures\Download Images\FinchGiftShopWhatsapp Media\IMG-20230729-WA0002.jpg,download,FinchGiftShopWhatsapp Media
IMG-20230731-WA0006.jpg,C:\Users\merch\OneDrive\Pictures\Download Images\FinchGiftShopWhatsapp Media\IMG-20230731-WA0006.jpg,download,FinchGiftShopWhatsapp Media
IMG-20230731-WA0007.jpg,C:\Users\merch\OneDrive\Pictures\Download Images\FinchGiftShopWhatsapp Media\IMG-20230731-WA0007.jpg,download,FinchGiftShopWhatsapp Media
IMG-20230731-WA0023.jpeg,C:\Users\merch\OneDrive\Pictures\Download Images\FinchGiftShopWhatsapp Media\IMG-20230731-WA0023.jpeg,download,FinchGiftShopWhatsapp Media
IMG-20230801-WA0005.jpg,C:\Users\merch\OneDrive\Pictures\Download Images\FinchGiftShopWhatsapp Media\IMG-20230801-WA0005.jpg,download,FinchGiftShopWhatsapp Media
IMG-20230801-WA0006.jpg,C:\Users\merch\OneDrive\Pictures\Download Images\FinchGiftShopWhatsapp Media\IMG-20230801-WA0006.jpg,download,FinchGiftShopWhatsapp Media
IMG-20230801-WA0007.jpg,C:\Users\merch\OneDrive\Pictures\Download Images\FinchGiftShopWhatsapp Media\IMG-20230801-WA0007.jpg,download,FinchGiftShopWhatsapp Media
IMG-20230801-WA0008.jpg,C:\Users\merch\OneDrive\Pictures\Download Images\FinchGiftShopWhatsapp Media\IMG-20230801-WA0008.jpg,download,FinchGiftShopWhatsapp Media
IMG-20230801-WA0009.jpg,C:\Users\merch\OneDrive\Pictures\Download Images\FinchGiftShopWhatsapp Media\IMG-20230801-WA0009.jpg,download,FinchGiftShopWhatsapp Media
IMG-20230802-WA0004.jpeg,C:\Users\merch\OneDrive\Pictures\Download Images\FinchGiftShopWhatsapp Media\IMG-20230802-WA0004.jpeg,download,FinchGiftShopWhatsapp Media
IMG-20230806-WA0002.jpg,C:\Users\merch\OneDrive\Pictures\Download Images\FinchGiftShopWhatsapp Media\IMG-20230806-WA0002.jpg,download,FinchGiftShopWhatsapp Media
IMG-20230806-WA0005.jpg,C:\Users\merch\OneDrive\Pictures\Download Images\FinchGiftShopWhatsapp Media\IMG-20230806-WA0005.jpg,download,FinchGiftShopWhatsapp Media
IMG-20230807-WA0027.jpg,C:\Users\merch\OneDrive\Pictures\Download Images\FinchGiftShopWhatsapp Media\IMG-20230807-WA0027.jpg,download,FinchGiftShopWhatsapp Media
IMG-20230807-WA0028.jpg,C:\Users\merch\OneDrive\Pictures\Download Images\FinchGiftShopWhatsapp Media\IMG-20230807-WA0028.jpg,download,FinchGiftShopWhatsapp Media
IMG-20230807-WA0029.jpg,C:\Users\merch\OneDrive\Pictures\Download Images\FinchGiftShopWhatsapp Media\IMG-20230807-WA0029.jpg,download,FinchGiftShopWhatsapp Media
IMG-20230809-WA0017.jpg,C:\Users\merch\OneDrive\Pictures\Download Images\FinchGiftShopWhatsapp Media\IMG-20230809-WA0017.jpg,download,FinchGiftShopWhatsapp Media
IMG-20230811-WA0002.jpeg,C:\Users\merch\OneDrive\Pictures\Download Images\FinchGiftShopWhatsapp Media\IMG-20230811-WA0002.jpeg,download,FinchGiftShopWhatsapp Media
IMG-20230812-WA0014.jpg,C:\Users\merch\OneDrive\Pictures\Download Images\FinchGiftShopWhatsapp Media\IMG-20230812-WA0014.jpg,download,FinchGiftShopWhatsapp Media
IMG-20230813-WA0118.jpeg,C:\Users\merch\OneDrive\Pictures\Download Images\FinchGiftShopWhatsapp Media\IMG-20230813-WA0118.jpeg,download,FinchGiftShopWhatsapp Media
IMG-20230814-WA0021.jpeg,C:\Users\merch\OneDrive\Pictures\Download Images\FinchGiftShopWhatsapp Media\IMG-20230814-WA0021.jpeg,download,FinchGiftShopWhatsapp Media
IMG-20230815-WA0012.jpeg,C:\Users\merch\OneDrive\Pictures\Download Images\FinchGiftShopWhatsapp Media\IMG-20230815-WA0012.jpeg,download,FinchGiftShopWhatsapp Media
163bdc9b0f1e7c9e.png,C:\Users\merch\OneDrive\Pictures\Download Images\FinchGiftShopWhatsapp Media\Uber Images\Order Finch Gift Shop Menu Delivery【Menu & Prices】_ Toronto _ Uber Eats_files\163bdc9b0f1e7c9e.png,download,Order Finch Gift Shop Menu Delivery【Menu & Prices】_ Toronto _ Uber Eats_files
4218ca1d09174218364162cd0b1a8cc1(1).jpeg,C:\Users\merch\OneDrive\Pictures\Download Images\FinchGiftShopWhatsapp Media\Uber Images\Order Finch Gift Shop Menu Delivery【Menu & Prices】_ Toronto _ Uber Eats_files\4218ca1d09174218364162cd0b1a8cc1(1).jpeg,download,Order Finch Gift Shop Menu Delivery【Menu & Prices】_ Toronto _ Uber Eats_files
4218ca1d09174218364162cd0b1a8cc1(2).jpeg,C:\Users\merch\OneDrive\Pictures\Download Images\FinchGiftShopWhatsapp Media\Uber Images\Order Finch Gift Shop Menu Delivery【Menu & Prices】_ Toronto _ Uber Eats_files\4218ca1d09174218364162cd0b1a8cc1(2).jpeg,download,Order Finch Gift Shop Menu Delivery【Menu & Prices】_ Toronto _ Uber Eats_files
4218ca1d09174218364162cd0b1a8cc1(3).jpeg,C:\Users\merch\OneDrive\Pictures\Download Images\FinchGiftShopWhatsapp Media\Uber Images\Order Finch Gift Shop Menu Delivery【Menu & Prices】_ Toronto _ Uber Eats_files\4218ca1d09174218364162cd0b1a8cc1(3).jpeg,download,Order Finch Gift Shop Menu Delivery【Menu & Prices】_ Toronto _ Uber Eats_files
4218ca1d09174218364162cd0b1a8cc1.jpeg,C:\Users\merch\OneDrive\Pictures\Download Images\FinchGiftShopWhatsapp Media\Uber Images\Order Finch Gift Shop Menu Delivery【Menu & Prices】_ Toronto _ Uber Eats_files\4218ca1d09174218364162cd0b1a8cc1.jpeg,download,Order Finch Gift Shop Menu Delivery【Menu & Prices】_ Toronto _ Uber Eats_files
5954bcb006b10dbfd0bc160f6370faf3(1).jpeg,C:\Users\merch\OneDrive\Pictures\Download Images\FinchGiftShopWhatsapp Media\Uber Images\Order Finch Gift Shop Menu Delivery【Menu & Prices】_ Toronto _ Uber Eats_files\5954bcb006b10dbfd0bc160f6370faf3(1).jpeg,download,Order Finch Gift Shop Menu Delivery【Menu & Prices】_ Toronto _ Uber Eats_files
5954bcb006b10dbfd0bc160f6370faf3(10).jpeg,C:\Users\merch\OneDrive\Pictures\Download Images\FinchGiftShopWhatsapp Media\Uber Images\Order Finch Gift Shop Menu Delivery【Menu & Prices】_ Toronto _ Uber Eats_files\5954bcb006b10dbfd0bc160f6370faf3(10).jpeg,download,Order Finch Gift Shop Menu Delivery【Menu & Prices】_ Toronto _ Uber Eats_files
5954bcb006b10dbfd0bc160f6370faf3(11).jpeg,C:\Users\merch\OneDrive\Pictures\Download Images\FinchGiftShopWhatsapp Media\Uber Images\Order Finch Gift Shop Menu Delivery【Menu & Prices】_ Toronto _ Uber Eats_files\5954bcb006b10dbfd0bc160f6370faf3(11).jpeg,download,Order Finch Gift Shop Menu Delivery【Menu & Prices】_ Toronto _ Uber Eats_files
5954bcb006b10dbfd0bc160f6370faf3(12).jpeg,C:\Users\merch\OneDrive\Pictures\Download Images\FinchGiftShopWhatsapp Media\Uber Images\Order Finch Gift Shop Menu Delivery【Menu & Prices】_ Toronto _ Uber Eats_files\5954bcb006b10dbfd0bc160f6370faf3(12).jpeg,download,Order Finch Gift Shop Menu Delivery【Menu & Prices】_ Toronto _ Uber Eats_files
5954bcb006b10dbfd0bc160f6370faf3(13).jpeg,C:\Users\merch\OneDrive\Pictures\Download Images\FinchGiftShopWhatsapp Media\Uber Images\Order Finch Gift Shop Menu Delivery【Menu & Prices】_ Toronto _ Uber Eats_files\5954bcb006b10dbfd0bc160f6370faf3(13).jpeg,download,Order Finch Gift Shop Menu Delivery【Menu & Prices】_ Toronto _ Uber Eats_files
5954bcb006b10dbfd0bc160f6370faf3(2).jpeg,C:\Users\merch\OneDrive\Pictures\Download Images\FinchGiftShopWhatsapp Media\Uber Images\Order Finch Gift Shop Menu Delivery【Menu & Prices】_ Toronto _ Uber Eats_files\5954bcb006b10dbfd0bc160f6370faf3(2).jpeg,download,Order Finch Gift Shop Menu Delivery【Menu & Prices】_ Toronto _ Uber Eats_files
5954bcb006b10dbfd0bc160f6370faf3(3).jpeg,C:\Users\merch\OneDrive\Pictures\Download Images\FinchGiftShopWhatsapp Media\Uber Images\Order Finch Gift Shop Menu Delivery【Menu & Prices】_ Toronto _ Uber Eats_files\5954bcb006b10dbfd0bc160f6370faf3(3).jpeg,download,Order Finch Gift Shop Menu Delivery【Menu & Prices】_ Toronto _ Uber Eats_files
5954bcb006b10dbfd0bc160f6370faf3(4).jpeg,C:\Users\merch\OneDrive\Pictures\Download Images\FinchGiftShopWhatsapp Media\Uber Images\Order Finch Gift Shop Menu Delivery【Menu & Prices】_ Toronto _ Uber Eats_files\5954bcb006b10dbfd0bc160f6370faf3(4).jpeg,download,Order Finch Gift Shop Menu Delivery【Menu & Prices】_ Toronto _ Uber Eats_files
5954bcb006b10dbfd0bc160f6370faf3(5).jpeg,C:\Users\merch\OneDrive\Pictures\Download Images\FinchGiftShopWhatsapp Media\Uber Images\Order Finch Gift Shop Menu Delivery【Menu & Prices】_ Toronto _ Uber Eats_files\5954bcb006b10dbfd0bc160f6370faf3(5).jpeg,download,Order Finch Gift Shop Menu Delivery【Menu & Prices】_ Toronto _ Uber Eats_files
5954bcb006b10dbfd0bc160f6370faf3(6).jpeg,C:\Users\merch\OneDrive\Pictures\Download Images\FinchGiftShopWhatsapp Media\Uber Images\Order Finch Gift Shop Menu Delivery【Menu & Prices】_ Toronto _ Uber Eats_files\5954bcb006b10dbfd0bc160f6370faf3(6).jpeg,download,Order Finch Gift Shop Menu Delivery【Menu & Prices】_ Toronto _ Uber Eats_files
5954bcb006b10dbfd0bc160f6370faf3(7).jpeg,C:\Users\merch\OneDrive\Pictures\Download Images\FinchGiftShopWhatsapp Media\Uber Images\Order Finch Gift Shop Menu Delivery【Menu & Prices】_ Toronto _ Uber Eats_files\5954bcb006b10dbfd0bc160f6370faf3(7).jpeg,download,Order Finch Gift Shop Menu Delivery【Menu & Prices】_ Toronto _ Uber Eats_files
5954bcb006b10dbfd0bc160f6370faf3(8).jpeg,C:\Users\merch\OneDrive\Pictures\Download Images\FinchGiftShopWhatsapp Media\Uber Images\Order Finch Gift Shop Menu Delivery【Menu & Prices】_ Toronto _ Uber Eats_files\5954bcb006b10dbfd0bc160f6370faf3(8).jpeg,download,Order Finch Gift Shop Menu Delivery【Menu & Prices】_ Toronto _ Uber Eats_files
5954bcb006b10dbfd0bc160f6370faf3(9).jpeg,C:\Users\merch\OneDrive\Pictures\Download Images\FinchGiftShopWhatsapp Media\Uber Images\Order Finch Gift Shop Menu Delivery【Menu & Prices】_ Toronto _ Uber Eats_files\5954bcb006b10dbfd0bc160f6370faf3(9).jpeg,download,Order Finch Gift Shop Menu Delivery【Menu & Prices】_ Toronto _ Uber Eats_files
5954bcb006b10dbfd0bc160f6370faf3.jpeg,C:\Users\merch\OneDrive\Pictures\Download Images\FinchGiftShopWhatsapp Media\Uber Images\Order Finch Gift Shop Menu Delivery【Menu & Prices】_ Toronto _ Uber Eats_files\5954bcb006b10dbfd0bc160f6370faf3.jpeg,download,Order Finch Gift Shop Menu Delivery【Menu & Prices】_ Toronto _ Uber Eats_files
7f4ae9ca0446cbc23e71d8d395a98428(1).jpeg,C:\Users\merch\OneDrive\Pictures\Download Images\FinchGiftShopWhatsapp Media\Uber Images\Order Finch Gift Shop Menu Delivery【Menu & Prices】_ Toronto _ Uber Eats_files\7f4ae9ca0446cbc23e71d8d395a98428(1).jpeg,download,Order Finch Gift Shop Menu Delivery【Menu & Prices】_ Toronto _ Uber Eats_files
7f4ae9ca0446cbc23e71d8d395a98428.jpeg,C:\Users\merch\OneDrive\Pictures\Download Images\FinchGiftShopWhatsapp Media\Uber Images\Order Finch Gift Shop Menu Delivery【Menu & Prices】_ Toronto _ Uber Eats_files\7f4ae9ca0446cbc23e71d8d395a98428.jpeg,download,Order Finch Gift Shop Menu Delivery【Menu & Prices】_ Toronto _ Uber Eats_files
97ef7458dde62fa918635bc21265d9f5.jpeg,C:\Users\merch\OneDrive\Pictures\Download Images\FinchGiftShopWhatsapp Media\Uber Images\Order Finch Gift Shop Menu Delivery【Menu & Prices】_ Toronto _ Uber Eats_files\97ef7458dde62fa918635bc21265d9f5.jpeg,download,Order Finch Gift Shop Menu Delivery【Menu & Prices】_ Toronto _ Uber Eats_files
DonutUberOne@3x.png,C:\Users\merch\OneDrive\Pictures\Download Images\FinchGiftShopWhatsapp Media\Uber Images\Order Finch Gift Shop Menu Delivery【Menu & Prices】_ Toronto _ Uber Eats_files\DonutUberOne@3x.png,download,Order Finch Gift Shop Menu Delivery【Menu & Prices】_ Toronto _ Uber Eats_files
f0d1762b91fd823a1aa9bd0dab5c648d(1).jpeg,C:\Users\merch\OneDrive\Pictures\Download Images\FinchGiftShopWhatsapp Media\Uber Images\Order Finch Gift Shop Menu Delivery【Menu & Prices】_ Toronto _ Uber Eats_files\f0d1762b91fd823a1aa9bd0dab5c648d(1).jpeg,download,Order Finch Gift Shop Menu Delivery【Menu & Prices】_ Toronto _ Uber Eats_files
f0d1762b91fd823a1aa9bd0dab5c648d(2).jpeg,C:\Users\merch\OneDrive\Pictures\Download Images\FinchGiftShopWhatsapp Media\Uber Images\Order Finch Gift Shop Menu Delivery【Menu & Prices】_ Toronto _ Uber Eats_files\f0d1762b91fd823a1aa9bd0dab5c648d(2).jpeg,download,Order Finch Gift Shop Menu Delivery【Menu & Prices】_ Toronto _ Uber Eats_files
f0d1762b91fd823a1aa9bd0dab5c648d(3).jpeg,C:\Users\merch\OneDrive\Pictures\Download Images\FinchGiftShopWhatsapp Media\Uber Images\Order Finch Gift Shop Menu Delivery【Menu & Prices】_ Toronto _ Uber Eats_files\f0d1762b91fd823a1aa9bd0dab5c648d(3).jpeg,download,Order Finch Gift Shop Menu Delivery【Menu & Prices】_ Toronto _ Uber Eats_files
f0d1762b91fd823a1aa9bd0dab5c648d(4).jpeg,C:\Users\merch\OneDrive\Pictures\Download Images\FinchGiftShopWhatsapp Media\Uber Images\Order Finch Gift Shop Menu Delivery【Menu & Prices】_ Toronto _ Uber Eats_files\f0d1762b91fd823a1aa9bd0dab5c648d(4).jpeg,download,Order Finch Gift Shop Menu Delivery【Menu & Prices】_ Toronto _ Uber Eats_files
f0d1762b91fd823a1aa9bd0dab5c648d(5).jpeg,C:\Users\merch\OneDrive\Pictures\Download Images\FinchGiftShopWhatsapp Media\Uber Images\Order Finch Gift Shop Menu Delivery【Menu & Prices】_ Toronto _ Uber Eats_files\f0d1762b91fd823a1aa9bd0dab5c648d(5).jpeg,download,Order Finch Gift Shop Menu Delivery【Menu & Prices】_ Toronto _ Uber Eats_files
f0d1762b91fd823a1aa9bd0dab5c648d(6).jpeg,C:\Users\merch\OneDrive\Pictures\Download Images\FinchGiftShopWhatsapp Media\Uber Images\Order Finch Gift Shop Menu Delivery【Menu & Prices】_ Toronto _ Uber Eats_files\f0d1762b91fd823a1aa9bd0dab5c648d(6).jpeg,download,Order Finch Gift Shop Menu Delivery【Menu & Prices】_ Toronto _ Uber Eats_files
f0d1762b91fd823a1aa9bd0dab5c648d(7).jpeg,C:\Users\merch\OneDrive\Pictures\Download Images\FinchGiftShopWhatsapp Media\Uber Images\Order Finch Gift Shop Menu Delivery【Menu & Prices】_ Toronto _ Uber Eats_files\f0d1762b91fd823a1aa9bd0dab5c648d(7).jpeg,download,Order Finch Gift Shop Menu Delivery【Menu & Prices】_ Toronto _ Uber Eats_files
f0d1762b91fd823a1aa9bd0dab5c648d(8).jpeg,C:\Users\merch\OneDrive\Pictures\Download Images\FinchGiftShopWhatsapp Media\Uber Images\Order Finch Gift Shop Menu Delivery【Menu & Prices】_ Toronto _ Uber Eats_files\f0d1762b91fd823a1aa9bd0dab5c648d(8).jpeg,download,Order Finch Gift Shop Menu Delivery【Menu & Prices】_ Toronto _ Uber Eats_files
f0d1762b91fd823a1aa9bd0dab5c648d(9).jpeg,C:\Users\merch\OneDrive\Pictures\Download Images\FinchGiftShopWhatsapp Media\Uber Images\Order Finch Gift Shop Menu Delivery【Menu & Prices】_ Toronto _ Uber Eats_files\f0d1762b91fd823a1aa9bd0dab5c648d(9).jpeg,download,Order Finch Gift Shop Menu Delivery【Menu & Prices】_ Toronto _ Uber Eats_files
f0d1762b91fd823a1aa9bd0dab5c648d.jpeg,C:\Users\merch\OneDrive\Pictures\Download Images\FinchGiftShopWhatsapp Media\Uber Images\Order Finch Gift Shop Menu Delivery【Menu & Prices】_ Toronto _ Uber Eats_files\f0d1762b91fd823a1aa9bd0dab5c648d.jpeg,download,Order Finch Gift Shop Menu Delivery【Menu & Prices】_ Toronto _ Uber Eats_files
