SKU,Product Name,Status,Categories
"ps-095","PS 095","publish",""
"ob-050","OB 050","publish",""
"ob-032","OB 032","publish",""
"ps-163","PS 163","publish",""
"vb-004","VB 004","publish",""
"ps-073","PS 073","publish",""
"ps-118","PS 118","publish",""
"ps-010","PS 010","publish",""
"ps-192","PS 192","publish",""
"ps-030","PS 030","publish",""
"ob-052","OB 052","publish",""
"ob-054","OB 054","publish",""
"ob-038","OB 038","publish",""
"fl-028","FL 028","publish",""
"ps-112","PS 112","publish",""
"ps-182","PS 182","publish",""
"ob-052-1","OB 052 (1)","publish",""
"ps-248","PS 248","publish",""
"ob-024","OB 024","publish",""
"ps-062","PS 062","publish",""
"ps-074","PS 074","publish",""
"ps-121","PS 121","publish",""
"ps-239","PS 239","publish",""
"ps-233","PS 233","publish",""
"ps-106","PS 106","publish",""
"ob-004","OB 004","publish",""
"ps-186","PS 186","publish",""
"ob-042","OB 042","publish",""
"ps-179","PS 179","publish",""
"ps-178","PS 178","publish",""
"ob-034","OB 034","publish",""
"ps-207","PS 207","publish",""
"ps-237","PS 237","publish",""
"ps-210","PS 210","publish",""
"ps-039","PS 039","publish",""
"fl-022","FL 022","publish",""
"ps-013","PS 013","publish",""
"ob-048-1","OB 048 (1)","publish",""
"ob-009","OB 009","publish",""
"ps-029","PS 029","publish",""
"ps-016","PS 016","publish",""
"ob-007","OB 007","publish",""
"ps-209","PS 209","publish",""
"fl-030","FL 030","publish",""
"ps-033","PS 033","publish",""
"ps-160","PS 160","publish",""
"ps-027","PS 027","publish",""
"ps-104","PS 104","publish",""
"ps-070","PS 070","publish",""
"ps-175","PS 175","publish",""
"ps-047","PS 047","publish",""
"ob-055","OB 055","publish",""
"ps-036","PS 036","publish",""
"ps-038","PS 038","publish",""
"ps-185","PS 185","publish",""
"vb-011","VB 011","publish",""
"vb-012","VB 012","publish",""
"ps-058","PS 058","publish",""
"ps-161","PS 161","publish",""
"ps-181","PS 181","publish",""
"ps-113","PS 113","publish",""
"ps-242","PS 242","publish",""
"fl-024","FL 024","publish",""
"ps-177","PS 177","publish",""
"ps-158","PS 158","publish",""
"ps-042","PS 042","publish",""
"ps-230","PS 230","publish",""
"ps-196","PS 196","publish",""
"OB-057","Standard Magnetic Wall Sheet","publish","Magnetic Sheet | Office &amp; Retail Branding"
"OB-056","Custom Kitchen Splashback","publish","Office &amp; Retail Branding"
"OB-055","Standard Partition Divider","publish","Office &amp; Retail Branding | Workplace"
"OB-054","Clear Window Cling","publish","Office &amp; Retail Branding | Repositionable Cling"
"OB-053","Standard Pedestal Display","publish","Office &amp; Retail Branding | POS Display"
"OB-052","Standard 3D Shelf Display","publish","Office &amp; Retail Branding | POS Display"
"OB-051","Standard Floor Gondola","publish","Office &amp; Retail Branding | POS Display"
"OB-050","Modern Metal Frame","publish","Office &amp; Retail Branding | Wall Frames"
"OB-049","Premium Acrylic Frame","publish","Office &amp; Retail Branding | Wall Frames"
"OB-048","Standard Wooden Frame","publish","Office &amp; Retail Branding | Wall Frames"
"OB-047","Promotional Magnet","publish","Magnets | Office &amp; Retail Branding"
"OB-046","Custom Fridge Magnet","publish","Magnets | Office &amp; Retail Branding"
"OB-045","Magnetic Sheet","publish","Magnets | Office &amp; Retail Branding"
"OB-044","Cut to Shape Magnet 20mil","publish","Magnets | Office &amp; Retail Branding"
"OB-043","Cut to Shape Magnet 30mil","publish","Magnets | Office &amp; Retail Branding"
"OB-042","Car Magnet 30mil","publish","Magnets | Office &amp; Retail Branding"
"OB-041","Social Distancing Floor Graphic","publish","Floor Graphics | Office &amp; Retail Branding"
"OB-040","Retail Floor Graphic","publish","Floor Graphics | Office &amp; Retail Branding"
"OB-039","Directional Sticker","publish","Floor Graphics | Office &amp; Retail Branding"
"OB-038","Standard Floor Graphic","publish","Floor Graphics | Office &amp; Retail Branding"
"OB-037","Corporate Embosser","publish","Office &amp; Retail Branding | Seals &amp; Stamps"
"OB-036","Wax Seal Stamp Set","publish","Office &amp; Retail Branding | Seals &amp; Stamps"
"OB-035","Embossing Seal","publish","Office &amp; Retail Branding | Seals &amp; Stamps"
"OB-034","Wax Seal","publish","Office &amp; Retail Branding | Seals &amp; Stamps"
"OB-033","Standard Self-Ink Stamp","publish","Office &amp; Retail Branding | Seals &amp; Stamps"
"OB-032","Transparent/Clear Vinyl Sticker","publish","Office &amp; Retail Branding | Sticker Printing"
"OB-031","Magnetic Cutout Sticker","publish","Office &amp; Retail Branding | Sticker Printing"
"OB-030","Pillar Sticker","publish","Office &amp; Retail Branding | Sticker Printing"
"OB-029","Paper Sticker","publish","Office &amp; Retail Branding | Sticker Printing"
"OB-028","Bottle Sticker","publish","Office &amp; Retail Branding | Sticker Printing"
"OB-027","Custom Product Label","publish","Office &amp; Retail Branding | Sticker Printing"
"OB-026","Premium Gold Foil Label","publish","Office &amp; Retail Branding | Sticker Printing"
"OB-025","Hologram Sticker","publish","Office &amp; Retail Branding | Sticker Printing"
"OB-024","Transparent Sticker","publish","Office &amp; Retail Branding | Sticker Printing"
"OB-023","Standard Die-Cut Sticker","publish","Office &amp; Retail Branding | Sticker Printing"
"OB-022","Reception Wall Graphic","publish","Office &amp; Retail Branding | Wall Graphics &amp; Decals"
"OB-021","Office Branding Wall Graphic","publish","Office &amp; Retail Branding | Wall Graphics &amp; Decals"
"OB-020","Wall Photo Frame","publish","Office &amp; Retail Branding | Wall Graphics &amp; Decals"
"OB-019","Grass Wall Decor","publish","Office &amp; Retail Branding | Wall Graphics &amp; Decals"
"OB-018","Acrylic Wall Decor","publish","Office &amp; Retail Branding | Wall Graphics &amp; Decals"
"OB-017","Customized Printed Wallpaper","publish","Office &amp; Retail Branding | Wall Graphics &amp; Decals"
"OB-016","Self-Adhesive Wallpaper","publish","Office &amp; Retail Branding | Wall Graphics &amp; Decals"
"OB-015","Ready-Made Wallpaper","publish","Office &amp; Retail Branding | Wall Graphics &amp; Decals"
"OB-014","Vinyl Lettering","publish","Office &amp; Retail Branding | Wall Graphics &amp; Decals"
"OB-013","Standard Wall Sticker","publish","Office &amp; Retail Branding | Wall Graphics &amp; Decals"
"OB-012","Retail Shopfront Window Graphic","publish","Office &amp; Retail Branding | Window Graphics &amp; Frosted Film"
"OB-011","Adhesive Vinyl &#038; Window Clings","publish","Office &amp; Retail Branding | Window Graphics &amp; Frosted Film"
"OB-010","Perforated Vinyl","publish","Office &amp; Retail Branding | Window Graphics &amp; Frosted Film"
"OB-009","One-Way Vision","publish","Office &amp; Retail Branding | Window Graphics &amp; Frosted Film"
"OB-008","Heat Control Film","publish","Office &amp; Retail Branding | Window Graphics &amp; Frosted Film"
"OB-007","Mirror Window Film","publish","Office &amp; Retail Branding | Window Graphics &amp; Frosted Film"
"OB-006","Tinted Window Film","publish","Office &amp; Retail Branding | Window Graphics &amp; Frosted Film"
"OB-005","Gradient Frosted Sticker","publish","Office &amp; Retail Branding | Window Graphics &amp; Frosted Film"
"OB-004","Plotter Cut Frosted Sticker","publish","Office &amp; Retail Branding | Window Graphics &amp; Frosted Film"
"OB-003","Digital Printed Frosted Sticker","publish","Office &amp; Retail Branding | Window Graphics &amp; Frosted Film"
"OB-002","Print &#038; Cut Frosted Sticker","publish","Office &amp; Retail Branding | Window Graphics &amp; Frosted Film"
"OB-001","Blank Flat Frosted Film","publish","Office &amp; Retail Branding | Window Graphics &amp; Frosted Film"
"EE-062","Outdoor Promo Umbrella","publish","Backdrops | Exhibitions &amp; Events"
"EE-061","Event Photo Booth","publish","Backdrops | Exhibitions &amp; Events"
"EE-060","Magazine Photo Booth","publish","Backdrops | Exhibitions &amp; Events"
"EE-059","Balloon Decorator","publish","Backdrops | Exhibitions &amp; Events"
"EE-058","LED Screen Rental","publish","Backdrops | Exhibitions &amp; Events"
"EE-057","Fabric Outdoor Backdrop","publish","Backdrops | Exhibitions &amp; Events"
"EE-056","Standard Photo Cutout","publish","Exhibitions &amp; Events | Party Essentials"
"EE-055","Custom Event Hat","publish","Exhibitions &amp; Events | Party Essentials"
"EE-054","Standard Party Props","publish","Exhibitions &amp; Events | Party Essentials"
"EE-053","Standard Giant Cheque","publish","Event Props | Exhibitions &amp; Events"
"EE-052","Standard LED Letter Board","publish","Event Props | Exhibitions &amp; Events"
"EE-051","LED Illuminated Counter","publish","Exhibition Counters | Exhibitions &amp; Events"
"EE-050","Standard Oval Fabric Counter","publish","Exhibition Counters | Exhibitions &amp; Events"
"EE-049","Custom Event Signage Package","publish","Event Accessories | Exhibitions &amp; Events"
"EE-048","Barricade Fence Branding","publish","Event Accessories | Exhibitions &amp; Events"
"EE-047","Real Estate Stand","publish","Event Accessories | Exhibitions &amp; Events"
"EE-046","Entrance Arch","publish","Event Accessories | Exhibitions &amp; Events"
"EE-045","Spin Wheel","publish","Event Accessories | Exhibitions &amp; Events"
"EE-044","Social Media Frame","publish","Event Accessories | Exhibitions &amp; Events"
"EE-043","Menu Stand","publish","Event Accessories | Exhibitions &amp; Events"
"EE-042","Table Tent","publish","Event Accessories | Exhibitions &amp; Events"
"EE-041","Event Badge","publish","Event Accessories | Exhibitions &amp; Events"
"EE-040","Custom Lanyard","publish","Event Accessories | Exhibitions &amp; Events"
"EE-039","Vinyl/Waterproof Wristband","publish","Event Accessories | Exhibitions &amp; Events"
"EE-038","Silicon Wristband","publish","Event Accessories | Exhibitions &amp; Events"
"EE-037","Fabric Wristband","publish","Event Accessories | Exhibitions &amp; Events"
"EE-036","Tyvek Wristband","publish","Event Accessories | Exhibitions &amp; Events"
"EE-035","Aluminum Promotional Table","publish","Event Accessories | Exhibitions &amp; Events"
"EE-034","Promotional Table Standard","publish","Event Accessories | Exhibitions &amp; Events"
"EE-033","Classic Backlit Standee","publish","Exhibitions &amp; Events | Standees &amp; Cutouts"
"EE-032","Backlit Snapfold Standee","publish","Exhibitions &amp; Events | Standees &amp; Cutouts"
"EE-031","Event Fence Banner","publish","Exhibitions &amp; Events | Standees &amp; Cutouts"
"EE-030","Construction Fence Banner","publish","Exhibitions &amp; Events | Standees &amp; Cutouts"
"EE-029","Branded Canopy","publish","Exhibitions &amp; Events | Standees &amp; Cutouts"
"EE-028","Pop-Up Gazebo","publish","Exhibitions &amp; Events | Standees &amp; Cutouts"
"EE-027","Standard Life-Size Cutout","publish","Exhibitions &amp; Events | Standees &amp; Cutouts"
"EE-026","Standard Fabric Pop-Up Banner","publish","Exhibitions &amp; Events | Pop-Up &amp; Portable Displays"
"EE-025","Fabric Pop-up Counter","publish","Exhibitions &amp; Events | Pop-Up &amp; Portable Displays"
"EE-024","Pop-up Table Counter","publish","Exhibitions &amp; Events | Pop-Up &amp; Portable Displays"
"EE-023","Forex Selfie Stand","publish","Exhibitions &amp; Events | Pop-Up &amp; Portable Displays"
"EE-022","X Standee Banner","publish","Exhibitions &amp; Events | Pop-Up &amp; Portable Displays"
"EE-021","Telescopic Banner with Backdrop","publish","Exhibitions &amp; Events | Pop-Up &amp; Portable Displays"
"EE-020","Photography Backdrop","publish","Exhibitions &amp; Events | Pop-Up &amp; Portable Displays"
"EE-019","Party Backdrop","publish","Exhibitions &amp; Events | Pop-Up &amp; Portable Displays"
"EE-018","Media/Press Wall Backdrop","publish","Exhibitions &amp; Events | Pop-Up &amp; Portable Displays"
"EE-017","Backlit Exhibition Backdrop Wall","publish","Exhibitions &amp; Events | Pop-Up &amp; Portable Displays"
"EE-016","Backlit Seamless Backdrop","publish","Exhibitions &amp; Events | Pop-Up &amp; Portable Displays"
"EE-015","Straight Wooden Backdrop","publish","Exhibitions &amp; Events | Pop-Up &amp; Portable Displays"
"EE-014","Curved Wooden Backdrop","publish","Exhibitions &amp; Events | Pop-Up &amp; Portable Displays"
"EE-013","Fabric Seamless Backdrop","publish","Exhibitions &amp; Events | Pop-Up &amp; Portable Displays"
"EE-012","Standard Tabletop Counter","publish","Exhibitions &amp; Events | Pop-Up &amp; Portable Displays"
"EE-011","Standard Display Board","publish","Exhibitions &amp; Events | Pop-Up &amp; Portable Displays"
"EE-010","Standard Pop-Up System","publish","Exhibitions &amp; Events | Pop-Up &amp; Portable Displays"
"EE-009","Standard Toblerone Standee","publish","Exhibition Stands &amp; Booths | Exhibitions &amp; Events"
"EE-008","Double-Decker Booth","publish","Exhibition Stands &amp; Booths | Exhibitions &amp; Events"
"EE-007","Peninsula Booth","publish","Exhibition Stands &amp; Booths | Exhibitions &amp; Events"
"EE-006","Double-Decker Stand","publish","Exhibition Stands &amp; Booths | Exhibitions &amp; Events"
"EE-005","Standard Custom Build","publish","Exhibition Stands &amp; Booths | Exhibitions &amp; Events"
"EE-004","Modular Backlit Booth","publish","Exhibition Stands &amp; Booths | Exhibitions &amp; Events"
"EE-003","Island Backlit Shell Scheme","publish","Exhibition Stands &amp; Booths | Exhibitions &amp; Events"
"EE-002","Standard Shell Scheme","publish","Exhibition Stands &amp; Booths | Exhibitions &amp; Events"
"EE-001","Standard Modular Stand","publish","Exhibition Stands &amp; Booths | Exhibitions &amp; Events"
"VB-015","Yacht Decal","publish","Boat &amp; Yacht Branding | Vehicle Branding"
"VB-014","Boat Wrap","publish","Boat &amp; Yacht Branding | Vehicle Branding"
"VB-013","Standard Container Branding","publish","Fleet Branding | Vehicle Branding"
"VB-012","Ride-Share Branding","publish","Fleet Branding | Vehicle Branding"
"VB-011","Taxi Branding","publish","Fleet Branding | Vehicle Branding"
"VB-010","Premium Fleet Package","publish","Fleet Branding | Vehicle Branding"
"VB-009","Standard Fleet Package","publish","Fleet Branding | Vehicle Branding"
"VB-008","Heavy Vehicle Decal","publish","Car &amp; Van Branding | Vehicle Branding"
"VB-007","Truck Wrap","publish","Car &amp; Van Branding | Vehicle Branding"
"VB-006","PPF Clear Wrap","publish","Car &amp; Van Branding | Vehicle Branding"
"VB-005","Colour Change Wrap","publish","Car &amp; Van Branding | Vehicle Branding"
"VB-004","Spot Decal","publish","Car &amp; Van Branding | Vehicle Branding"
"VB-003","Partial Wrap","publish","Car &amp; Van Branding | Vehicle Branding"
"VB-002","Full Wrap &#8211; Van","publish","Vehicle Branding"
"VB-001","Full Wrap &#8211; Car","publish","Vehicle Branding"
"FL-045","Dashboard Flag","publish","Decorative Flags | Flags"
"FL-044","Car Desert Flag","publish","Decorative Flags | Flags"
"FL-043","Country Flag","publish","Decorative Flags | Flags"
"FL-042","Festival Flag","publish","Decorative Flags | Flags"
"FL-041","Pennant Flag","publish","Decorative Flags | Flags"
"FL-040","Car Flag","publish","Decorative Flags | Flags"
"FL-039","Bunting Flag","publish","Decorative Flags | Flags"
"FL-038","Toothpick Flag","publish","Decorative Flags | Flags"
"FL-037","National Day Campaign Flag","publish","Flag Bases &amp; Accessories | Flags"
"FL-036","Ramadan Campaign Flag","publish","Flag Bases &amp; Accessories | Flags"
"FL-035","Pole Accessory","publish","Flag Bases &amp; Accessories | Flags"
"FL-034","Standard Flag Base","publish","Flag Bases &amp; Accessories | Flags"
"FL-033","UAE Flag","publish","Flags | Indoor &amp; Corporate Flags"
"FL-032","National Flag","publish","Flags | Indoor &amp; Corporate Flags"
"FL-031","Standard Hand Flag","publish","Flags | Indoor &amp; Corporate Flags"
"FL-030","Royal Crown Conference Flag","publish","Flags | Indoor &amp; Corporate Flags"
"FL-029","Crown Pole Conference Flag","publish","Flags | Indoor &amp; Corporate Flags"
"FL-028","Conference Flag with Stiffener","publish","Flags | Indoor &amp; Corporate Flags"
"FL-027","Conference Flag","publish","Flags | Indoor &amp; Corporate Flags"
"FL-026","Three Pole Table Flag","publish","Flags | Indoor &amp; Corporate Flags"
"FL-025","V Shape Table Flag","publish","Flags | Indoor &amp; Corporate Flags"
"FL-024","T-Shape Table Flag","publish","Flags | Indoor &amp; Corporate Flags"
"FL-023","Single Golden Table Flag","publish","Flags | Indoor &amp; Corporate Flags"
"FL-022","Single Silver Table Flag","publish","Flags | Indoor &amp; Corporate Flags"
"FL-021","Event Teardrop Bundle","publish","Flags | Tear Drop &amp; Blade Flags"
"FL-020","Standard Blade Flag","publish","Flags | Tear Drop &amp; Blade Flags"
"FL-019","Standard Tear Drop Flag","publish","Flags | Tear Drop &amp; Blade Flags"
"FL-018","Hand Waving Pole Flag","publish","Feather &amp; Sail Flags | Flags"
"FL-017","Finishing Line Flag","publish","Feather &amp; Sail Flags | Flags"
"FL-016","Racing Flag","publish","Feather &amp; Sail Flags | Flags"
"FL-015","Boat Flag","publish","Feather &amp; Sail Flags | Flags"
"FL-014","Stadium-Crowd Flag","publish","Feather &amp; Sail Flags | Flags"
"FL-013","Cluster Flag","publish","Feather &amp; Sail Flags | Flags"
"FL-012","Pointing Flag","publish","Feather &amp; Sail Flags | Flags"
"FL-011","Hoisting Flag","publish","Feather &amp; Sail Flags | Flags"
"FL-010","Telescopic Flag","publish","Feather &amp; Sail Flags | Flags"
"FL-009","Body Flag","publish","Feather &amp; Sail Flags | Flags"
"FL-008","Wall Mounted Flag","publish","Feather &amp; Sail Flags | Flags"
"FL-007","L-Shaped Flag","publish","Feather &amp; Sail Flags | Flags"
"FL-006","Swooper Flag","publish","Feather &amp; Sail Flags | Flags"
"FL-005","Advertising Flag","publish","Feather &amp; Sail Flags | Flags"
"FL-004","Standard Sail Flag","publish","Feather &amp; Sail Flags | Flags"
"FL-003","Beach Flag","publish","Feather &amp; Sail Flags | Flags"
"FL-002","Curved Top Flag","publish","Feather &amp; Sail Flags | Flags"
"FL-001","Standard Feather Flag","publish","Feather &amp; Sail Flags | Flags"
"SG-069","Direction Floor Sign","publish","Safety Signage | Signage"
"SG-068","Warning Floor Sign","publish","Safety Signage | Signage"
"SG-067","Printed Acrylic Label","publish","Labels | Signage"
"SG-066","Engraved Acrylic Label","publish","Labels | Signage"
"SG-065","Laser Cut Wooden Label","publish","Labels | Signage"
"SG-064","Engraved Wooden Label","publish","Labels | Signage"
"SG-063","Aluminium Label","publish","Labels | Signage"
"SG-062","Stainless Steel Label","publish","Labels | Signage"
"SG-061","Industrial Engraved Label","publish","Labels | Signage"
"SG-060","Snap Frame LED Light Box","publish","Light Box Signage | Signage"
"SG-059","Slim SEG Frame Light Box","publish","Light Box Signage | Signage"
"SG-058","Construction Hoarding","publish","Large Format &amp; Panel Signs | Signage"
"SG-057","Project Site Sign","publish","Large Format &amp; Panel Signs | Signage"
"SG-056","Unipole Sign","publish","Large Format &amp; Panel Signs | Signage"
"SG-055","Pylon Sign","publish","Large Format &amp; Panel Signs | Signage"
"SG-054","Billboard Sign","publish","Large Format &amp; Panel Signs | Signage"
"SG-053","Hoarding Sign","publish","Large Format &amp; Panel Signs | Signage"
"SG-052","Standard Wall Panel","publish","Large Format &amp; Panel Signs | Signage"
"SG-051","Standard Flex Face","publish","Large Format &amp; Panel Signs | Signage"
"SG-050","Regulatory Sign","publish","Rigid Board Signage | Signage"
"SG-049","Standard Safety Sign","publish","Rigid Board Signage | Signage"
"SG-048","Sintra PVC Sign","publish","Rigid Board Signage | Signage"
"SG-047","Styrene Sign","publish","Rigid Board Signage | Signage"
"SG-046","Standard Aluminium Sign","publish","Rigid Board Signage | Signage"
"SG-045","Standard ACP Sign","publish","Rigid Board Signage | Signage"
"SG-044","PVC Sign","publish","Rigid Board Signage | Signage"
"SG-043","Foam Board Sign","publish","Rigid Board Signage | Signage"
"SG-042","LED Ticker Display","publish","LED &amp; Digital Signage | Signage"
"SG-041","Soft LED Screen","publish","LED &amp; Digital Signage | Signage"
"SG-040","LED Screen Module","publish","LED &amp; Digital Signage | Signage"
"SG-039","LED Display Banner","publish","LED &amp; Digital Signage | Signage"
"SG-038","Standard Digital Kiosk","publish","LED &amp; Digital Signage | Signage"
"SG-037","LED Tower","publish","LED &amp; Digital Signage | Signage"
"SG-036","LED Pylon","publish","LED &amp; Digital Signage | Signage"
"SG-035","Slim Frame LED","publish","LED &amp; Digital Signage | Signage"
"SG-034","Standard LED Light Box","publish","LED &amp; Digital Signage | Signage"
"SG-033","Building Directory","publish","Signage | Wayfinding &amp; Directory"
"SG-032","Hospital Directory","publish","Signage | Wayfinding &amp; Directory"
"SG-031","Directory Board","publish","Signage | Wayfinding &amp; Directory"
"SG-030","Standard Wayfinding Sign","publish","Signage | Wayfinding &amp; Directory"
"SG-029","Standard Hanging Sign","publish","Name Plates &amp; Labels | Signage"
"SG-028","Number Stand","publish","Name Plates &amp; Labels | Signage"
"SG-027","Desktop Name Plate","publish","Name Plates &amp; Labels | Signage"
"SG-026","House Name Plate Without Light","publish","Name Plates &amp; Labels | Signage"
"SG-025","House Name Plate With Light","publish","Name Plates &amp; Labels | Signage"
"SG-024","Gold Engraved","publish","Name Plates &amp; Labels | Signage"
"SG-023","Brass Engraved","publish","Name Plates &amp; Labels | Signage"
"SG-022","Office Sign","publish","Name Plates &amp; Labels | Signage"
"SG-021","Door Name Plate","publish","Name Plates &amp; Labels | Signage"
"SG-020","Metal Name Plate","publish","Name Plates &amp; Labels | Signage"
"SG-019","Acrylic Name Plate","publish","Name Plates &amp; Labels | Signage"
"SG-018","Standard Acrylic Board","publish","3D &amp; Illuminated Signage | Signage"
"SG-017","Standard Acrylic Sandwich","publish","3D &amp; Illuminated Signage | Signage"
"SG-016","Standard 3D Standee","publish","3D &amp; Illuminated Signage | Signage"
"SG-015","Acrylic Letter","publish","3D &amp; Illuminated Signage | Signage"
"SG-014","Metal Letter","publish","3D &amp; Illuminated Signage | Signage"
"SG-013","Forex Styrofoam Letter","publish","3D &amp; Illuminated Signage | Signage"
"SG-012","Wooden Cutout Letter","publish","3D &amp; Illuminated Signage | Signage"
"SG-011","Standard Backlit Sign","publish","3D &amp; Illuminated Signage | Signage"
"SG-010","Illuminated Face Sign","publish","3D &amp; Illuminated Signage | Signage"
"SG-009","Exterior Outlit Sign","publish","3D &amp; Illuminated Signage | Signage"
"SG-008","Custom Logo Shape","publish","3D &amp; Illuminated Signage | Signage"
"SG-007","Standard Acrylic Letter","publish","3D &amp; Illuminated Signage | Signage"
"SG-006","Standard Stainless Steel Letter","publish","3D &amp; Illuminated Signage | Signage"
"SG-005","Glass Neon","publish","3D &amp; Illuminated Signage | Signage"
"SG-004","LED Neon","publish","3D &amp; Illuminated Signage | Signage"
"SG-003","Frontlit 3D","publish","3D &amp; Illuminated Signage | Signage"
"SG-002","Backlit 3D","publish","3D &amp; Illuminated Signage | Signage"
"SG-001","Standard 3D Unlit","publish","3D &amp; Illuminated Signage | Signage"
"LF-055","3mm PVC Sintra","publish","Large Format | Rigid Board Signage | Rigid Board Signage"
"LF-054","20pt Styrene","publish","Large Format | Rigid Board Signage | Rigid Board Signage"
"LF-053","3mm Aluminium Sign","publish","Large Format | Rigid Board Signage | Rigid Board Signage"
"LF-052","4mm Foam Board","publish","Large Format | Rigid Board Signage | Rigid Board Signage"
"LF-051","10mm Coroplast","publish","Large Format | Rigid Board Signage | Rigid Board Signage"
"LF-050","8mm Coroplast","publish","Large Format | Rigid Board Signage | Rigid Board Signage"
"LF-049","6mm Coroplast","publish","Large Format | Rigid Board Signage | Rigid Board Signage"
"LF-048","4mm Coroplast","publish","Large Format | Rigid Board Signage | Rigid Board Signage"
"LF-047","Fine Art Print","publish","Canvas Prints | Large Format"
"LF-046","Giclee Print","publish","Canvas Prints | Large Format"
"LF-045","Wooden Frame","publish","Canvas Prints | Large Format"
"LF-044","PVC Frame","publish","Canvas Prints | Large Format"
"LF-043","Aluminum Frame","publish","Canvas Prints | Large Format"
"LF-042","Stretched Canvas","publish","Canvas Prints | Large Format"
"LF-041","Canvas Roll","publish","Canvas Prints | Large Format"
"LF-040","Standard Custom Photo Print","publish","Large Format | Large Format Posters"
"LF-039","Standard Hanging Poster","publish","Large Format | Large Format Posters"
"LF-038","Standard Window Poster","publish","Large Format | Large Format Posters"
"LF-035","100lb+UV","publish","Flyers &amp; Brochures | Large Format | Large Format Posters | Print &amp; Stationery"
"LF-034","100lb+Matte","publish","Flyers &amp; Brochures | Large Format | Large Format Posters | Print &amp; Stationery"
"LF-033","100lb Gloss Text","publish","Booklets &amp; Catalogues | Calendars | Flyers &amp; Brochures | Large Format | Large Format Posters | Print &amp; Stationery"
"LF-032","Standard Photo Booth Backdrop","publish","Backdrops | Backdrops | Large Format"
"LF-031","Fabric Backdrop","publish","Backdrops | Backdrops | Large Format"
"LF-030","Pop-Up Fabric","publish","Backdrops | Backdrops | Large Format"
"LF-029","Standard Step &#038; Repeat","publish","Backdrops | Backdrops | Large Format"
"LF-028","Forex Self Standee","publish","Frame Banners &amp; Stands | Large Format"
"LF-027","Totem Display Stand","publish","Frame Banners &amp; Stands | Large Format"
"LF-026","Lama Stand","publish","Frame Banners &amp; Stands | Large Format"
"LF-025","Standard Snap Frame","publish","Frame Banners &amp; Stands | Large Format"
"LF-024","H-Stand","publish","Frame Banners &amp; Stands | Large Format"
"LF-023","Spring A-Board","publish","Frame Banners &amp; Stands | Large Format"
"LF-022","Aluminum A-Frame Board","publish","Frame Banners &amp; Stands | Large Format"
"LF-021","4mm Coroplast A-Frame","publish","Frame Banners &amp; Stands | Large Format"
"LF-020","13oz Matte Vinyl","publish","Frame Banners &amp; Stands | Large Format | Vinyl Banners &amp; Hoardings"
"LF-019","Double Sided Premium","publish","Large Format | Pull-Up &amp; Roll-Up Banners"
"LF-018","Double Sided Standard","publish","Large Format | Pull-Up &amp; Roll-Up Banners"
"LF-017","Double Sided","publish","Large Format | Pull-Up &amp; Roll-Up Banners"
"LF-016","Premium Wide","publish","Large Format | Pull-Up &amp; Roll-Up Banners"
"LF-015","Premium Stand","publish","Large Format | Pull-Up &amp; Roll-Up Banners"
"LF-014","Table Top","publish","Large Format | Pull-Up &amp; Roll-Up Banners"
"LF-013","Black Base","publish","Large Format | Pull-Up &amp; Roll-Up Banners"
"LF-012","Silver Base","publish","Large Format | Pull-Up &amp; Roll-Up Banners"
"LF-011","Standard Ceremonial Ribbon","publish","Large Format | Vinyl Banners &amp; Hoardings"
"LF-010","Textile Display","publish","Large Format | Vinyl Banners &amp; Hoardings"
"LF-009","Fabric Banner","publish","Large Format | Vinyl Banners &amp; Hoardings"
"LF-008","Backlit Outdoor","publish","Large Format | Vinyl Banners &amp; Hoardings"
"LF-007","Standard Outdoor","publish","Large Format | Vinyl Banners &amp; Hoardings"
"LF-006","Perforated Mesh Banner","publish","Large Format | Vinyl Banners &amp; Hoardings"
"LF-005","Backlit Hoarding","publish","Large Format | Vinyl Banners &amp; Hoardings"
"LF-004","Standard Hoarding","publish","Large Format | Vinyl Banners &amp; Hoardings"
"LF-003","8oz Polyester Mesh","publish","Large Format | Vinyl Banners &amp; Hoardings"
"LF-002","13oz Matte Vinyl","publish","Frame Banners &amp; Stands | Large Format | Vinyl Banners &amp; Hoardings"
"LF-001","13oz Glossy Vinyl","publish","Large Format | Vinyl Banners &amp; Hoardings"
"PL-050","Large","publish","Bags &amp; Carriers | Packaging &amp; Labels"
"PL-049","Medium","publish","Bags &amp; Carriers | Packaging &amp; Labels"
"PL-048","Small","publish","Bags &amp; Carriers | Packaging &amp; Labels"
"PL-047","Kraft Brown Virgin &#8211; Top Fold","publish","Bags &amp; Carriers"
"PL-046","Kraft Brown Virgin &#8211; Normal","publish","Bags &amp; Carriers"
"PL-045","Kraft Brown Recycled &#8211; Top Fold","publish","Bags &amp; Carriers"
"PL-044","Kraft Brown Recycled &#8211; Normal","publish","Bags &amp; Carriers"
"PL-043","Kraft White &#8211; Top Fold","publish","Bags &amp; Carriers"
"PL-042","Kraft White &#8211; Normal","publish","Bags &amp; Carriers"
"PL-041","Paper Cup 8oz (240cc) Double Wall","publish","Food &amp; Beverage Packaging | Packaging &amp; Labels"
"PL-040","Paper Cup 4oz (120cc) Double Wall","publish","Food &amp; Beverage Packaging | Packaging &amp; Labels"
"PL-039","Fried Chicken Box (Takeaway)","publish","Food &amp; Beverage Packaging | Packaging &amp; Labels"
"PL-038","Fried Chicken Tray (Indoor)","publish","Food &amp; Beverage Packaging | Packaging &amp; Labels"
"PL-037","French Fries Tray (Indoor)","publish","Food &amp; Beverage Packaging | Packaging &amp; Labels"
"PL-036","Cone French Fries Box (Takeaway)","publish","Food &amp; Beverage Packaging | Packaging &amp; Labels"
"PL-035","Gable Box Type 2","publish","Food &amp; Beverage Packaging | Packaging &amp; Labels"
"PL-034","Gable Box Type 1","publish","Food &amp; Beverage Packaging | Packaging &amp; Labels"
"PL-033","Simple Burger Box","publish","Food &amp; Beverage Packaging | Packaging &amp; Labels"
"PL-032","Pearl Burger Box","publish","Food &amp; Beverage Packaging | Packaging &amp; Labels"
"PL-031","Label Dispenser","publish","Custom Packaging | Packaging &amp; Labels"
"PL-030","Custom Sticker Roll","publish","Custom Packaging | Packaging &amp; Labels"
"PL-029","Custom Gift Wrap","publish","Custom Packaging | Packaging &amp; Labels"
"PL-028","Branded Wrapping Paper","publish","Custom Packaging | Packaging &amp; Labels"
"PL-027","Packaging Insert","publish","Custom Packaging | Packaging &amp; Labels"
"PL-026","Custom Tissue Paper","publish","Custom Packaging | Packaging &amp; Labels"
"PL-025","Printed Tea Pouch","publish","Flexible Packaging | Packaging &amp; Labels"
"PL-024","Printed Coffee Pouch","publish","Flexible Packaging | Packaging &amp; Labels"
"PL-023","Roll Stock","publish","Flexible Packaging | Packaging &amp; Labels"
"PL-022","Lay Flat Pouch","publish","Flexible Packaging | Packaging &amp; Labels"
"PL-021","Stand Up Pouch","publish","Flexible Packaging | Packaging &amp; Labels"
"PL-020","Waterproof Food Label","publish","Packaging &amp; Labels | Roll Labels &amp; Stickers"
"PL-019","Standard Food Label","publish","Packaging &amp; Labels | Roll Labels &amp; Stickers"
"PL-018","Specialty Finish Label","publish","Packaging &amp; Labels | Roll Labels &amp; Stickers"
"PL-017","Standard Cosmetic Label","publish","Packaging &amp; Labels | Roll Labels &amp; Stickers"
"PL-016","Square Cut Labels","publish","Packaging &amp; Labels | Roll Labels &amp; Stickers"
"PL-015","Paper Labels (Cost Effective)","publish","Packaging &amp; Labels | Roll Labels &amp; Stickers"
"PL-014","Poly Labels (Durable)","publish","Packaging &amp; Labels | Roll Labels &amp; Stickers"
"PL-013","BOPP Labels (Premium)","publish","Packaging &amp; Labels | Roll Labels &amp; Stickers"
"PL-012","E-Commerce Shipping Box","publish","Mailer &amp; Corrugated Boxes | Packaging &amp; Labels"
"PL-011","Standard Mailer Box","publish","Mailer &amp; Corrugated Boxes | Packaging &amp; Labels"
"PL-010","Luxury Gift Box","publish","Packaging &amp; Labels | Product Boxes"
"PL-009","Pillow Box","publish","Packaging &amp; Labels | Product Boxes"
"PL-008","Standard Sleeve","publish","Packaging &amp; Labels | Product Boxes"
"PL-007","Sleeve-Over-Tray","publish","Packaging &amp; Labels | Product Boxes"
"PL-006","Magnetic Closure Box","publish","Packaging &amp; Labels | Product Boxes"
"PL-005","Standard Rigid Box","publish","Packaging &amp; Labels | Product Boxes"
"PL-004","Product Box Sleeves","publish","Packaging &amp; Labels | Product Boxes"
"PL-003","Auto-lock Bottom","publish","Packaging &amp; Labels | Product Boxes"
"PL-002","Reverse Tuck End (RTE)","publish","Packaging &amp; Labels | Product Boxes"
"PL-001","Straight Tuck End (STE)","publish","Packaging &amp; Labels | Product Boxes"
"CG-100","Standard Event Label","publish","Corporate Gifts | Event Disposables"
"CG-099","Standard Branded Napkin","publish","Corporate Gifts | Event Disposables"
"CG-098","Corporate Coin","publish","Corporate Gifts | Executive Kit"
"CG-097","Military Coin","publish","Corporate Gifts | Executive Kit"
"CG-096","Custom Logo Cufflinks","publish","Corporate Gifts | Executive Kit"
"CG-095","Standard Cufflinks","publish","Corporate Gifts | Executive Kit"
"CG-094","Tie Clip","publish","Corporate Gifts | Executive Kit"
"CG-093","Branded Tie","publish","Corporate Gifts | Executive Kit"
"CG-092","Metal Pin","publish","Corporate Gifts | Executive Kit"
"CG-091","Enamel Pin","publish","Corporate Gifts | Executive Kit"
"CG-090","Custom Die Cut Fridge Magnet","publish","Corporate Gifts | Trade Shows &amp; Events"
"CG-089","Standard Fridge Magnet","publish","Corporate Gifts | Trade Shows &amp; Events"
"CG-088","Premium Award","publish","Corporate Gifts | Trade Shows &amp; Events"
"CG-087","Standard Plaque","publish","Corporate Gifts | Trade Shows &amp; Events"
"CG-086","Custom Crystal Award","publish","Corporate Gifts | Trade Shows &amp; Events"
"CG-085","Standard Crystal Trophy","publish","Corporate Gifts | Trade Shows &amp; Events"
"CG-084","Premium Name Tag","publish","Corporate Gifts | Trade Shows &amp; Events"
"CG-083","Standard Name Badge","publish","Corporate Gifts | Trade Shows &amp; Events"
"CG-082","Badge Reel","publish","Corporate Gifts | Trade Shows &amp; Events"
"CG-081","PVC ID Card","publish","Corporate Gifts | Trade Shows &amp; Events"
"CG-080","Premium Eid Box","publish","Corporate Gifts | Premium &amp; Specialty Gifts"
"CG-079","Standard Ramadan Box","publish","Corporate Gifts | Premium &amp; Specialty Gifts"
"CG-078","Custom Acrylic Trophy","publish","Corporate Gifts | Premium &amp; Specialty Gifts"
"CG-077","Standard Acrylic Trophy","publish","Corporate Gifts | Premium &amp; Specialty Gifts"
"CG-076","Keychain (Pack of 10)","publish","Corporate Gifts | Premium &amp; Specialty Gifts"
"CG-075","Custom Puzzle","publish","Corporate Gifts | Premium &amp; Specialty Gifts"
"CG-074","HD Photo Panel","publish","Corporate Gifts | Premium &amp; Specialty Gifts"
"CG-073","Stretched Canvas Print","publish","Corporate Gifts | Premium &amp; Specialty Gifts"
"CG-072","Multi-tip Cable","publish","Corporate Gifts | Tech Products"
"CG-071","USB-C Cable","publish","Corporate Gifts | Tech Products"
"CG-070","USB-A Cable","publish","Corporate Gifts | Tech Products"
"CG-069","Standard Wireless Speaker","publish","Corporate Gifts | Tech Products"
"CG-068","Slim Power Bank","publish","Corporate Gifts | Tech Products"
"CG-067","Standard Power Bank","publish","Corporate Gifts | Tech Products"
"CG-066","Standard PU Organizer","publish","Corporate Gifts | Office Essentials"
"CG-065","Premium PU Notebook","publish","Corporate Gifts | Office Essentials"
"CG-064","Standard PU Notebook","publish","Corporate Gifts | Office Essentials"
"CG-063","Standard Magnetic Sheet","publish","Corporate Gifts | Office &amp; Desktop Gifts"
"CG-062","Corporate Gift Set","publish","Corporate Gifts | Office &amp; Desktop Gifts"
"CG-061","Desk Organiser","publish","Corporate Gifts | Office &amp; Desktop Gifts"
"CG-060","Tech Accessory Set","publish","Corporate Gifts | Office &amp; Desktop Gifts"
"CG-059","USB Drive","publish","Corporate Gifts | Office &amp; Desktop Gifts"
"CG-058","Writing Gift Set","publish","Corporate Gifts | Office &amp; Desktop Gifts"
"CG-057","Branded Pen","publish","Corporate Gifts | Office &amp; Desktop Gifts"
"CG-056","Coaster Set (Pack of 10)","publish","Corporate Gifts | Office &amp; Desktop Gifts"
"CG-055","Mouse Pad","publish","Corporate Gifts | Office &amp; Desktop Gifts"
"CG-054","Manual","publish","Bags &amp; Accessories | Corporate Gifts"
"CG-053","Auto-Open","publish","Bags &amp; Accessories | Corporate Gifts"
"CG-052","Flat Handle","publish","Bags &amp; Accessories | Corporate Gifts"
"CG-051","Ribbon Handle","publish","Bags &amp; Accessories | Corporate Gifts"
"CG-050","Twisted Rope Handle","publish","Bags &amp; Accessories | Corporate Gifts"
"CG-049","Digital Print","publish","Bags &amp; Accessories | Corporate Gifts"
"CG-048","Flexo","publish","Bags &amp; Accessories | Corporate Gifts"
"CG-047","Digital Print","publish","Bags &amp; Accessories | Corporate Gifts"
"CG-046","Screen Print","publish","Bags &amp; Accessories | Corporate Gifts"
"CG-045","Digital Print","publish","Bags &amp; Accessories | Corporate Gifts"
"CG-044","Screen Print","publish","Bags &amp; Accessories | Corporate Gifts"
"CG-043","Heat Transfer","publish","Bags &amp; Accessories | Corporate Gifts"
"CG-042","Embroidery","publish","Bags &amp; Accessories | Corporate Gifts"
"CG-041","Screen Print","publish","Bags &amp; Accessories | Corporate Gifts"
"CG-040","Trolley Bag","publish","Bags &amp; Accessories | Corporate Gifts"
"CG-039","Conference Bag","publish","Bags &amp; Accessories | Corporate Gifts"
"CG-038","Sling Bag","publish","Bags &amp; Accessories | Corporate Gifts"
"CG-037","Laptop Backpack","publish","Bags &amp; Accessories | Corporate Gifts"
"CG-036","Standard Coffee Stencil","publish","Corporate Gifts | Drinkware"
"CG-035","Standard Mobile Cover","publish","Corporate Gifts | Drinkware"
"CG-034","12oz Frosted Mason Jar","publish","Corporate Gifts | Drinkware"
"CG-033","12oz Clear Mason Jar","publish","Corporate Gifts | Drinkware"
"CG-032","Branded Water Bottle","publish","Corporate Gifts | Drinkware"
"CG-031","Standard Water Bottle","publish","Corporate Gifts | Drinkware"
"CG-030","Coffee Flask","publish","Corporate Gifts | Drinkware"
"CG-029","Travel Mug","publish","Corporate Gifts | Drinkware"
"CG-028","Sports Flask","publish","Corporate Gifts | Drinkware"
"CG-027","17oz Stainless Steel Bottle","publish","Corporate Gifts | Drinkware"
"CG-026","20oz Tumbler","publish","Corporate Gifts | Drinkware"
"CG-025","18oz Clear Beer Mug","publish","Corporate Gifts | Drinkware"
"CG-024","16oz Frosted Beer Mug","publish","Corporate Gifts | Drinkware"
"CG-023","12oz Stainless Steel Mug","publish","Corporate Gifts | Drinkware"
"CG-022","15oz Ceramic Mug","publish","Corporate Gifts | Drinkware"
"CG-021","11oz Ceramic Mug","publish","Corporate Gifts | Drinkware"
"CG-020","Handkerchief","publish","Branded Apparel | Corporate Gifts"
"CG-019","Pocket Square","publish","Branded Apparel | Corporate Gifts"
"CG-018","Fan Scarf","publish","Branded Apparel | Corporate Gifts"
"CG-017","Silicone Label Patch","publish","Branded Apparel | Corporate Gifts"
"CG-016","Woven Patch","publish","Branded Apparel | Corporate Gifts"
"CG-015","Embroidery Patch","publish","Branded Apparel | Corporate Gifts"
"CG-014","Reflective Safety Vest","publish","Branded Apparel | Corporate Gifts"
"CG-013","Sports Jersey","publish","Branded Apparel | Corporate Gifts"
"CG-012","Football Jersey","publish","Branded Apparel | Corporate Gifts"
"CG-011","Tank Top","publish","Branded Apparel | Corporate Gifts"
"CG-010","Sweatshirt","publish","Branded Apparel | Corporate Gifts"
"CG-009","Hoodie","publish","Branded Apparel | Corporate Gifts"
"CG-008","Embroidered Beanie","publish","Branded Apparel | Corporate Gifts"
"CG-007","Printed Cap","publish","Branded Apparel | Corporate Gifts"
"CG-006","Embroidered Cap","publish","Branded Apparel | Corporate Gifts"
"CG-005","Long Sleeve Shirt","publish","Branded Apparel | Corporate Gifts"
"CG-004","Polo Shirt","publish","Branded Apparel | Corporate Gifts"
"CG-003","Kids T-Shirt","publish","Branded Apparel | Corporate Gifts"
"CG-002","Women&#8217;s T-Shirt","publish","Branded Apparel | Corporate Gifts"
"CG-001","Men&#8217;s T-Shirt","publish","Branded Apparel | Corporate Gifts"
"PS-269","1-2 Color &#8211; Wood Free 100gsm","publish","Crowd Promotion"
"PS-268","1-2 Color &#8211; Wood Free 80gsm","publish","Crowd Promotion"
"PS-267","1-2 Color &#8211; Glossy 135gsm","publish","Crowd Promotion"
"PS-266","1-2 Color &#8211; Glossy 90gsm","publish","Crowd Promotion"
"PS-265","4 Color &#8211; Economy Paper","publish","Crowd Promotion"
"PS-264","4 Color &#8211; Wood Free 100gsm","publish","Crowd Promotion"
"PS-263","4 Color &#8211; Wood Free 80gsm","publish","Crowd Promotion"
"PS-262","4 Color &#8211; Glossy 135gsm","publish","Crowd Promotion"
"PS-261","4 Color &#8211; Glossy 90gsm","publish","Crowd Promotion"
"PS-256","Standard DO Book","publish","Print &amp; Stationery | Voucher Books"
"PS-255","Duplicate LPO","publish","Print &amp; Stationery | Voucher Books"
"PS-254","Standard LPO","publish","Print &amp; Stationery | Voucher Books"
"PS-253","Duplicate Petty Cash","publish","Print &amp; Stationery | Voucher Books"
"PS-252","Standard Petty Cash","publish","Print &amp; Stationery | Voucher Books"
"PS-251","Triplicate Receipt Voucher","publish","Print &amp; Stationery | Voucher Books"
"PS-250","Duplicate Receipt Voucher","publish","Print &amp; Stationery | Voucher Books"
"PS-249","Standard Receipt Voucher","publish","Print &amp; Stationery | Voucher Books"
"PS-248","Without Lamination 8x12cm","publish","Print &amp; Stationery | Stickers"
"PS-247","Without Lamination 23x17cm","publish","Print &amp; Stationery | Stickers"
"PS-246","Gold Foil Glossy Lamination 80gsm","publish","Die-Cut Products | Print &amp; Stationery | Stickers"
"PS-245","Glossy Lamination 80gsm","publish","Die-Cut Products | Print &amp; Stationery | Stickers"
"PS-244","White Vinyl (Removable)","publish","Print &amp; Stationery | Stickers"
"PS-243","White Vinyl (Permanent)","publish","Print &amp; Stationery | Stickers"
"PS-242","Kiss Cut Sheet","publish","Print &amp; Stationery | Stickers"
"PS-241","Custom Shape","publish","Print &amp; Stationery | Stickers"
"PS-240","Removable Vinyl","publish","Print &amp; Stationery | Stickers"
"PS-239","Permanent Vinyl","publish","Print &amp; Stationery | Stickers"
"PS-238","Eco Kraft","publish","Print &amp; Stationery | Stickers"
"PS-237","Standard Kraft","publish","Print &amp; Stationery | Stickers"
"PS-236","Sports Helmet","publish","Print &amp; Stationery | Stickers"
"PS-235","Safety Helmet","publish","Print &amp; Stationery | Stickers"
"PS-234","Custom Cut Stencil","publish","Print &amp; Stationery | Stickers"
"PS-233","Standard Stencil","publish","Print &amp; Stationery | Stickers"
"PS-232","Perforated Windshield","publish","Print &amp; Stationery | Stickers"
"PS-231","Standard Windshield","publish","Print &amp; Stationery | Stickers"
"PS-230","Custom Shape Epoxy","publish","Print &amp; Stationery | Stickers"
"PS-229","Standard Epoxy","publish","Print &amp; Stationery | Stickers"
"PS-228","White Ink on Clear","publish","Print &amp; Stationery | Stickers"
"PS-227","Standard White Ink","publish","Print &amp; Stationery | Stickers"
"PS-226","Gold Foil Spot UV Matt Lamination","publish","Die-Cut Products | Print &amp; Stationery"
"PS-225","Spot UV Matt Lamination","publish","Die-Cut Products | Print &amp; Stationery"
"PS-224","Matt Lamination","publish","Die-Cut Products | Print &amp; Stationery"
"PS-223","Gold Foil Glossy Lamination 80gsm","publish","Die-Cut Products | Print &amp; Stationery | Stickers"
"PS-222","Glossy Lamination 80gsm","publish","Die-Cut Products | Print &amp; Stationery | Stickers"
"PS-221","13pt Enviro Uncoated","publish","Business Cards | Die-Cut Products | Print &amp; Stationery"
"PS-220","350 GSM+UV","publish","Print &amp; Stationery"
"PS-219","350 GSM+Matte","publish","Print &amp; Stationery"
"PS-218","Rounded Corner Matt Lam 350gsm","publish","Die-Cut Products | Print &amp; Stationery"
"PS-217","Butterfly Design Matt Lam 350gsm","publish","Die-Cut Products | Print &amp; Stationery"
"PS-216","Cane Design Matt Lam 350gsm","publish","Die-Cut Products | Print &amp; Stationery"
"PS-215","Matt Lamination 350gsm","publish","Business Cards | Die-Cut Products | Menus &amp; Placemats | Print &amp; Stationery"
"PS-214","Glossy 170gsm","publish","Die-Cut Products | Print &amp; Stationery"
"PS-213","1-2 Color &#8211; Economy Paper","publish","Print &amp; Stationery"
"PS-212","1-2 Color &#8211; Wood Free 100gsm","publish","Print &amp; Stationery"
"PS-211","1-2 Color &#8211; Wood Free 80gsm","publish","Print &amp; Stationery"
"PS-210","1-2 Color &#8211; Glossy 135gsm","publish","Print &amp; Stationery"
"PS-209","1-2 Color &#8211; Glossy 90gsm","publish","Print &amp; Stationery"
"PS-208","4 Color &#8211; Economy Paper","publish","Print &amp; Stationery"
"PS-207","4 Color &#8211; Glossy 135gsm","publish","Print &amp; Stationery"
"PS-206","4 Color &#8211; Glossy 90gsm","publish","Print &amp; Stationery"
"PS-205","4 Color &#8211; Wood Free 100gsm","publish","Print &amp; Stationery"
"PS-204","4 Color &#8211; Wood Free 80gsm","publish","Print &amp; Stationery"
"PS-203","Glossy Lamination 350gsm","publish","Menus &amp; Placemats | Print &amp; Stationery"
"PS-202","Matt Lamination 350gsm","publish","Business Cards | Die-Cut Products | Menus &amp; Placemats | Print &amp; Stationery"
"PS-201","Points Card","publish","Print &amp; Stationery | Tickets &amp; Coupons"
"PS-200","Stamp Card","publish","Print &amp; Stationery | Tickets &amp; Coupons"
"PS-199","Folded Gift Voucher","publish","Print &amp; Stationery | Tickets &amp; Coupons"
"PS-198","Standard Gift Voucher","publish","Print &amp; Stationery | Tickets &amp; Coupons"
"PS-197","Standard Scratch Card","publish","Print &amp; Stationery | Tickets &amp; Coupons"
"PS-196","Numbered Raffle Book","publish","Print &amp; Stationery | Tickets &amp; Coupons"
"PS-195","Standard Raffle Book","publish","Print &amp; Stationery | Tickets &amp; Coupons"
"PS-194","Perforated Ticket","publish","Print &amp; Stationery | Tickets &amp; Coupons"
"PS-193","350 GSM Numbered","publish","Print &amp; Stationery"
"PS-192","Promotional Pocket Calendar","publish","Calendars | Print &amp; Stationery"
"PS-191","Standard Pocket Calendar","publish","Calendars | Print &amp; Stationery"
"PS-190","Tent Style Desk Calendar","publish","Calendars | Print &amp; Stationery"
"PS-189","Standard Desk Calendar","publish","Calendars | Print &amp; Stationery"
"PS-188","100lb Gloss Text","publish","Booklets &amp; Catalogues | Calendars | Flyers &amp; Brochures | Large Format | Large Format Posters | Print &amp; Stationery"
"PS-187","80lb Gloss Text","publish","Booklets &amp; Catalogues | Calendars | Print &amp; Stationery"
"PS-186","Hang Tag","publish","Certificates &amp; Invitations | Print &amp; Stationery"
"PS-185","Standard Thank You Card","publish","Certificates &amp; Invitations | Print &amp; Stationery"
"PS-184","Foil Stamped","publish","Certificates &amp; Invitations | Print &amp; Stationery"
"PS-183","Boxed Set","publish","Certificates &amp; Invitations | Print &amp; Stationery"
"PS-182","Luxury Card","publish","Certificates &amp; Invitations | Print &amp; Stationery"
"PS-181","Metallic Foil","publish","Certificates &amp; Invitations | Print &amp; Stationery"
"PS-180","Pearl Paper","publish","Business Cards | Certificates &amp; Invitations | Print &amp; Stationery"
"PS-179","Kraft Paper","publish","Business Cards | Certificates &amp; Invitations | Print &amp; Stationery"
"PS-178","350 GSM UV","publish","Print &amp; Stationery"
"PS-175","350 GSM Matte Finish","publish","Print &amp; Stationery"
"PS-174","Rolled Award","publish","Certificates &amp; Invitations | Print &amp; Stationery"
"PS-173","Framed Award","publish","Certificates &amp; Invitations | Print &amp; Stationery"
"PS-172","Framed Certificate","publish","Certificates &amp; Invitations | Print &amp; Stationery"
"PS-171","Rolled Certificate","publish","Certificates &amp; Invitations | Print &amp; Stationery"
"PS-170","Retail Catalogue","publish","Booklets &amp; Catalogues | Print &amp; Stationery"
"PS-169","B2B Catalogue","publish","Booklets &amp; Catalogues | Print &amp; Stationery"
"PS-168","Hard Cover","publish","Booklets &amp; Catalogues | Print &amp; Stationery | Stationery"
"PS-167","Perfect Bound","publish","Booklets &amp; Catalogues | Print &amp; Stationery"
"PS-166","Saddle Stitch","publish","Booklets &amp; Catalogues | Print &amp; Stationery | Stationery"
"PS-165","Twin Loop Wire","publish","Booklets &amp; Catalogues | Print &amp; Stationery"
"PS-164","Standard Wire-O","publish","Booklets &amp; Catalogues | Print &amp; Stationery"
"PS-163","Soft Touch Cover","publish","Booklets &amp; Catalogues | Print &amp; Stationery"
"PS-162","Matte Cover","publish","Booklets &amp; Catalogues | Print &amp; Stationery"
"PS-161","Gloss Cover","publish","Booklets &amp; Catalogues | Print &amp; Stationery"
"PS-157","100lb Gloss Text","publish","Booklets &amp; Catalogues | Calendars | Flyers &amp; Brochures | Large Format | Large Format Posters | Print &amp; Stationery"
"PS-156","80lb Gloss Text","publish","Booklets &amp; Catalogues | Calendars | Print &amp; Stationery"
"PS-155","Hard Cover","publish","Booklets &amp; Catalogues | Print &amp; Stationery | Stationery"
"PS-154","Spiral Binding","publish","Print &amp; Stationery | Stationery"
"PS-153","Wiro Binding","publish","Print &amp; Stationery | Stationery"
"PS-152","Perfect Binding","publish","Print &amp; Stationery | Stationery"
"PS-151","Saddle Stitch","publish","Booklets &amp; Catalogues | Print &amp; Stationery | Stationery"
"PS-150","Hang Tags","publish","Print &amp; Stationery | Stationery"
"PS-149","Standard Tags","publish","Print &amp; Stationery | Stationery"
"PS-148","Self-Inking Stamp","publish","Print &amp; Stationery | Stationery"
"PS-147","Rubber Stamp","publish","Print &amp; Stationery | Stationery"
"PS-146","Sticky Notes","publish","Print &amp; Stationery | Stationery"
"PS-145","Branded Memo Pad","publish","Print &amp; Stationery | Stationery"
"PS-144","Standard","publish","Print &amp; Stationery | Stationery"
"PS-143","Specialty &#8211; Metallic Foil","publish","Certificates &amp; Invitations | Print &amp; Stationery | Stationery"
"PS-142","Standard AQ","publish","Print &amp; Stationery | Stationery"
"PS-141","Matte Laminated","publish","Print &amp; Stationery | Stationery"
"PS-140","Standard UV","publish","Print &amp; Stationery | Stationery"
"PS-139","Standard Matte Finish","publish","Print &amp; Stationery | Stationery"
"PS-138","Bill Book NCR","publish","Print &amp; Stationery | Stationery"
"PS-137","3 Part NCR Forms","publish","Print &amp; Stationery | Stationery"
"PS-136","Spiral Bound","publish","Print &amp; Stationery | Stationery"
"PS-135","Wiro Bound","publish","Print &amp; Stationery | Stationery"
"PS-130","Wood Free Paper 120gsm","publish","Print &amp; Stationery | Stationery"
"PS-129","Wood Free Paper 100gsm","publish","Flyers &amp; Brochures | Print &amp; Stationery | Stationery"
"PS-127","Wood Free Paper 120gsm","publish","Print &amp; Stationery | Stationery"
"PS-126","Wood Free Paper 100gsm","publish","Flyers &amp; Brochures | Print &amp; Stationery | Stationery"
"PS-122","400 GSM+UV","publish","Print &amp; Stationery"
"PS-121","400 GSM+Matte","publish","Print &amp; Stationery"
"PS-117","250 GSM+Matte","publish","Print &amp; Stationery"
"PS-116","350 GSM+UV","publish","Print &amp; Stationery"
"PS-115","350 GSM+Matte","publish","Print &amp; Stationery"
"PS-100","400 GSM+UV","publish","Print &amp; Stationery"
"PS-099","350 GSM+UV","publish","Print &amp; Stationery"
"PS-098","400 GSM+Matte","publish","Print &amp; Stationery"
"PS-097","350 GSM+Matte","publish","Print &amp; Stationery"
"PS-096","250 GSM+Matte","publish","Print &amp; Stationery"
"PS-095","350 GSM+Matte Finish","publish","Print &amp; Stationery"
"PS-077","Glossy Paper 170gsm","publish","Flyers &amp; Brochures | Print &amp; Stationery"
"PS-076","Glossy Paper 135gsm","publish","Flyers &amp; Brochures | Print &amp; Stationery"
"PS-075","Glossy Paper 115gsm","publish","Flyers &amp; Brochures | Print &amp; Stationery"
"PS-074","Wood Free Paper 100gsm","publish","Flyers &amp; Brochures | Print &amp; Stationery | Stationery"
"PS-073","Glossy Paper 200gsm","publish","Flyers &amp; Brochures | Print &amp; Stationery"
"PS-072","Glossy Paper 170gsm","publish","Flyers &amp; Brochures | Print &amp; Stationery"
"PS-071","Glossy Paper 135gsm","publish","Flyers &amp; Brochures | Print &amp; Stationery"
"PS-070","Glossy Paper 115gsm","publish","Flyers &amp; Brochures | Print &amp; Stationery"
"PS-063","Glossy Paper 200gsm","publish","Flyers &amp; Brochures | Print &amp; Stationery"
"PS-062","Glossy Paper 170gsm","publish","Flyers &amp; Brochures | Print &amp; Stationery"
"PS-061","Glossy Paper 135gsm","publish","Flyers &amp; Brochures | Print &amp; Stationery"
"PS-060","Glossy Paper 115gsm","publish","Flyers &amp; Brochures | Print &amp; Stationery"
"PS-059","Wood Free Paper 100gsm","publish","Flyers &amp; Brochures | Print &amp; Stationery | Stationery"
"PS-058","Glossy Paper 170gsm","publish","Flyers &amp; Brochures | Print &amp; Stationery"
"PS-057","Glossy Paper 135gsm","publish","Flyers &amp; Brochures | Print &amp; Stationery"
"PS-056","Glossy Paper 115gsm","publish","Flyers &amp; Brochures | Print &amp; Stationery"
"PS-046","Clear PVC","publish","Business Cards | Print &amp; Stationery"
"PS-045","QR Code Smart Card","publish","Business Cards | Print &amp; Stationery"
"PS-044","NFC Digital Card","publish","Business Cards | Print &amp; Stationery"
"PS-043","Aluminium","publish","Business Cards | Print &amp; Stationery"
"PS-042","Stainless Steel","publish","Business Cards | Print &amp; Stationery"
"PS-041","Spot UV Square","publish","Business Cards | Print &amp; Stationery"
"PS-040","Matte Laminated Square","publish","Business Cards | Print &amp; Stationery"
"PS-039","Standard Square","publish","Business Cards | Print &amp; Stationery"
"PS-038","Custom Die Cut Gold Foil Spot UV Matt Lamination 400gsm","publish","Business Cards | Print &amp; Stationery"
"PS-037","Custom Die Cut Spot UV Matt Lamination 400gsm","publish","Business Cards | Print &amp; Stationery"
"PS-036","Custom Die Cut Matt Lamination 400gsm","publish","Business Cards | Print &amp; Stationery"
"PS-035","350 GSM Plastic","publish","Print &amp; Stationery"
"PS-033","350 GSM+UV","publish","Print &amp; Stationery"
"PS-032","350 GSM+Matte","publish","Print &amp; Stationery"
"PS-031","Rounded Corner Gold Foil Spot UV Matt Lamination 400gsm","publish","Business Cards | Print &amp; Stationery"
"PS-030","Rounded Corner Gold Foil Spot UV Velvet Lamination 760mic","publish","Business Cards | Print &amp; Stationery"
"PS-029","Rounded Corner Gold Foil PET Glossy Lamination 760mic","publish","Business Cards | Print &amp; Stationery"
"PS-028","Rounded Corner Gold Foil Matt Lamination 400gsm","publish","Business Cards | Print &amp; Stationery"
"PS-027","Rounded Corner Spot UV Velvet Lamination 760mic","publish","Business Cards | Print &amp; Stationery"
"PS-026","Rounded Corner Spot UV Matt Lamination 400gsm","publish","Business Cards | Print &amp; Stationery"
"PS-025","Rounded Corner PET Glossy Lamination 760mic","publish","Business Cards | Print &amp; Stationery"
"PS-024","Rounded Corner Glossy Lamination 400gsm","publish","Business Cards | Print &amp; Stationery"
"PS-023","Rounded Corner Matt Lamination 400gsm","publish","Business Cards | Print &amp; Stationery"
"PS-008","Business Card Box","publish","Business Cards | Print &amp; Stationery"
"PS-007","Art Paper (Without Lamination) 400gsm","publish","Business Cards | Print &amp; Stationery"
"PS-006","Gold Foil Spot UV Matt Lamination 400gsm","publish","Business Cards | Print &amp; Stationery"
"PS-005","Gold Foil Matt Lamination 400gsm","publish","Business Cards | Print &amp; Stationery"
"PS-004","Spot UV Matt Lamination 400gsm","publish","Business Cards | Print &amp; Stationery"
"PS-003","Glossy Lamination 400gsm","publish","Business Cards | Print &amp; Stationery"
"PS-002","Matt Lamination 400gsm","publish","Business Cards | Print &amp; Stationery"
"PS-001","Matt Lamination 350gsm","publish","Business Cards | Die-Cut Products | Menus &amp; Placemats | Print &amp; Stationery"
"","3D Siganges in Dubai &#038; Sharjah","publish",""
"","Ceremonial Ribbon Printing","publish","Large Format | Vinyl Banners &amp; Hoardings"
"","Barricades Banners","publish",""
"","Back Lit Banner Printing","publish",""
"","Flex Face Signage","publish","Large Format &amp; Panel Signs | Signage"
"","Full Branding Pics","publish",""
"","Partial Branding","publish",""
"","Trade Name Branding","publish",""
"","T-Shirt &#038; Cap Printing","publish",""
"","USB, Pen &#038; Mugs Branding","publish",""
"","Event Branding","publish","Event Accessories | Exhibitions &amp; Events"
"","Backlit Signage","publish","3D &amp; Illuminated Signage | Signage"
"","T-Shirt Handle Bag","publish",""
"","Notepad Printing","publish",""
"","NCR Books","publish",""
"","Letterhead Printing","publish",""
"","Lanyard &#038; ID Card Printing","publish",""
"","Folders Printing","publish",""
"","Flyers &#038; Brochures","publish",""
"","Envelope Printing","publish",""
"","Car Flags","publish","Decorative Flags | Flags"
"","Conference Flags","publish","Flags | Indoor &amp; Corporate Flags"
"","Hosting Flags","publish",""
"","L Shape Flags","publish",""
"","Pennant Flags","publish","Decorative Flags | Flags"
"","Table Flags","publish","Flags | Indoor &amp; Corporate Flags"
"","Foam Board Printing","publish",""
"","Forex Board Printing","publish",""
"","Glass Sticker Printing","publish",""
"","PVC Sticker","publish",""
"","X Banners Printing","publish",""
"","Canvas Printing","publish",""
"","Cutout Standees","publish","Exhibitions &amp; Events | Standees &amp; Cutouts"
"","Fabric Backdrop Printing","publish","Backdrops | Large Format"
"","Fabric Pop Up","publish",""
"","Lama Stand","publish","Frame Banners &amp; Stands | Large Format"
"","Party Backdrop","publish","Exhibitions &amp; Events | Pop-Up &amp; Portable Displays"
"","Pop Up","publish",""
"","Step &#038; Repeat Backdrop","publish","Backdrops | Large Format"
"","Toblerone Signage","publish",""
"","Social Distancing Roll Up Banner","publish",""
"","Social Distancing Banners","publish",""
"","Social Distancing Posters","publish",""
"","Social Distancing Stickers","publish",""
"","Sanitizer Booth/Gate","publish",""
"","Sanitizer Dispenser Stand","publish",""
"","Protective Goggles","publish",""
"","Roll Up Banners","publish",""
"","Notebook &#038; Invoice Book Printing","publish",""
"","Calendar Printing","publish",""
"","Exhibition Stand","publish","Exhibition Stands &amp; Booths | Exhibitions &amp; Events"
"","Event Management","publish",""
"","Acrylic Signage","publish",""
"","3D Signage","publish","3D &amp; Illuminated Signage | Signage"
"","Soft Loop Handle Bag","publish",""
"","Die Cut Handle Bag","publish",""
"","Stamp &#038; Seal Makers","publish",""
"","Business Cards","publish","Business Cards | Print &amp; Stationery"
"","Face Shield Mask","publish",""
"","Face Mask Branding","publish",""
"","Teardrop Flags","publish",""
"","Telescopic Flags","publish","Feather &amp; Sail Flags | Flags"
"","Wall Mounted Flags","publish","Feather &amp; Sail Flags | Flags"
"","Wall Sticker Printing","publish",""
"","Vehicle Branding","publish","Car &amp; Van Branding | Vehicle Branding"
"","Fence Banners","publish","Exhibitions &amp; Events | Standees &amp; Cutouts"
"","Poster Printing","publish",""
"","Wooden Backdrop","publish","Exhibitions &amp; Events | Pop-Up &amp; Portable Displays"

