sku,name,categories,image_path,status
PS-001,"Matt Lamination 350gsm","Print & Stationery > Business Cards","G:/My Drive/Website Images\PS-001.webp",matched
PS-002,"Matt Lamination 400gsm","Print & Stationery > Business Cards","G:/My Drive/Website Images\PS-002.webp",matched
PS-003,"Glossy Lamination 400gsm","Print & Stationery > Business Cards","G:/My Drive/Website Images\PS-003.webp",matched
PS-004,"Spot UV Matt Lamination 400gsm","Print & Stationery > Business Cards","G:/My Drive/Website Images\PS-004.webp",matched
PS-005,"Gold Foil Matt Lamination 400gsm","Print & Stationery > Business Cards","G:/My Drive/Website Images\PS-005.webp",matched
PS-006,"Gold Foil Spot UV Matt Lamination 400gsm","Print & Stationery > Business Cards","G:/My Drive/Website Images\PS-006.webp",matched
PS-007,"Art Paper (Without Lamination) 400gsm","Print & Stationery > Business Cards","G:/My Drive/Website Images\PS-007.webp",matched
PS-008,"Business Card Box","Print & Stationery > Business Cards","G:/My Drive/Website Images\PS-008.webp",matched
PS-009,14pt,"Print & Stationery > Business Cards","G:/My Drive/Website Images\PS-009.webp",matched
PS-010,14pt+Matte,"Print & Stationery > Business Cards","G:/My Drive/Website Images\PS-010.webp",matched
PS-011,16pt+Matte,"Print & Stationery > Business Cards","G:/My Drive/Website Images\PS-011.webp",matched
PS-012,14pt+UV,"Print & Stationery > Business Cards","G:/My Drive/Website Images\PS-012.webp",matched
PS-013,16pt+UV,"Print & Stationery > Business Cards","G:/My Drive/Website Images\PS-013.webp",matched
PS-014,"18pt Gloss Lam","Print & Stationery > Business Cards","G:/My Drive/Website Images\PS-014.webp",matched
PS-015,"18pt Matte/Silk Lam","Print & Stationery > Business Cards","G:/My Drive/Website Images\PS-015.webp",matched
PS-016,14pt+AQ,"Print & Stationery > Business Cards","G:/My Drive/Website Images\PS-016.webp",matched
PS-017,16pt+AQ,"Print & Stationery > Business Cards","G:/My Drive/Website Images\PS-017.webp",matched
PS-018,"18pt Writable","Print & Stationery > Business Cards","G:/My Drive/Website Images\PS-018.webp",matched
PS-019,"13pt Enviro Uncoated","Print & Stationery > Business Cards","G:/My Drive/Website Images\PS-019.webp",matched
PS-020,"13pt Linen Uncoated","Print & Stationery > Business Cards","G:/My Drive/Website Images\PS-020.webp",matched
PS-021,"14pt Writable+AQ","Print & Stationery > Business Cards","G:/My Drive/Website Images\PS-021.webp",matched
PS-022,"14pt Writable+UV","Print & Stationery > Business Cards","G:/My Drive/Website Images\PS-022.webp",matched
PS-023,"Rounded Corner Matt Lamination 400gsm","Print & Stationery > Business Cards","G:/My Drive/Website Images\PS-023.webp",matched
PS-024,"Rounded Corner Glossy Lamination 400gsm","Print & Stationery > Business Cards","G:/My Drive/Website Images\PS-024.webp",matched
PS-025,"Rounded Corner PET Glossy Lamination 760mic","Print & Stationery > Business Cards","G:/My Drive/Website Images\PS-025.webp",matched
PS-026,"Rounded Corner Spot UV Matt Lamination 400gsm","Print & Stationery > Business Cards","G:/My Drive/Website Images\PS-026.webp",matched
PS-027,"Rounded Corner Spot UV Velvet Lamination 760mic","Print & Stationery > Business Cards","G:/My Drive/Website Images\PS-027.webp",matched
PS-028,"Rounded Corner Gold Foil Matt Lamination 400gsm","Print & Stationery > Business Cards","G:/My Drive/Website Images\PS-028.webp",matched
PS-029,"Rounded Corner Gold Foil PET Glossy Lamination 760mic","Print & Stationery > Business Cards","G:/My Drive/Website Images\PS-029.webp",matched
PS-030,"Rounded Corner Gold Foil Spot UV Velvet Lamination 760mic","Print & Stationery > Business Cards","G:/My Drive/Website Images\PS-030.webp",matched
PS-031,"Rounded Corner Gold Foil Spot UV Matt Lamination 400gsm","Print & Stationery > Business Cards","G:/My Drive/Website Images\PS-031.webp",matched
PS-032,14pt+Matte,"Print & Stationery > Business Cards","G:/My Drive/Website Images\PS-032.webp",matched
PS-033,14pt+UV,"Print & Stationery > Business Cards","G:/My Drive/Website Images\PS-033.webp",matched
PS-034,"13pt Enviro Uncoated","Print & Stationery > Business Cards","G:/My Drive/Website Images\PS-034.webp",matched
PS-035,"14pt Plastic","Print & Stationery > Business Cards","G:/My Drive/Website Images\PS-035.webp",matched
PS-036,"Custom Die Cut Matt Lamination 400gsm","Print & Stationery > Business Cards","G:/My Drive/Website Images\PS-036.webp",matched
PS-037,"Custom Die Cut Spot UV Matt Lamination 400gsm","Print & Stationery > Business Cards","G:/My Drive/Website Images\PS-037.webp",matched
PS-038,"Custom Die Cut Gold Foil Spot UV Matt Lamination 400gsm","Print & Stationery > Business Cards","G:/My Drive/Website Images\PS-038.webp",matched
PS-039,"Standard Square","Print & Stationery > Business Cards","G:/My Drive/Website Images\PS-039.webp",matched
PS-040,"Matte Laminated Square","Print & Stationery > Business Cards","G:/My Drive/Website Images\PS-040.webp",matched
PS-041,"Spot UV Square","Print & Stationery > Business Cards","G:/My Drive/Website Images\PS-041.webp",matched
PS-042,"Stainless Steel","Print & Stationery > Business Cards","G:/My Drive/Website Images\PS-042.webp",matched
PS-043,Aluminium,"Print & Stationery > Business Cards","G:/My Drive/Website Images\PS-043.webp",matched
PS-044,"NFC Digital Card","Print & Stationery > Business Cards","G:/My Drive/Website Images\PS-044.webp",matched
PS-045,"QR Code Smart Card","Print & Stationery > Business Cards","G:/My Drive/Website Images\PS-045.webp",matched
PS-046,"Clear PVC","Print & Stationery > Business Cards","G:/My Drive/Website Images\PS-046.webp",matched
PS-047,"Frosted PVC","Print & Stationery > Business Cards","G:/My Drive/Website Images\PS-047.webp",matched
PS-048,"Metallic Foil (Raised)","Print & Stationery > Business Cards","G:/My Drive/Website Images\PS-048.webp",matched
PS-049,"Kraft Paper","Print & Stationery > Business Cards","G:/My Drive/Website Images\PS-049.webp",matched
PS-050,Durable,"Print & Stationery > Business Cards","G:/My Drive/Website Images\PS-050.webp",matched
PS-051,"Spot UV (Raised)","Print & Stationery > Business Cards","G:/My Drive/Website Images\PS-051.webp",matched
PS-052,"Pearl Paper","Print & Stationery > Business Cards","G:/My Drive/Website Images\PS-052.webp",matched
PS-053,"Soft Touch (Suede)","Print & Stationery > Business Cards","G:/My Drive/Website Images\PS-053.webp",matched
PS-054,"32pt Painted Edge","Print & Stationery > Business Cards","G:/My Drive/Website Images\PS-054.webp",matched
PS-055,"Ultra Smooth","Print & Stationery > Business Cards","G:/My Drive/Website Images\PS-055.webp",matched
PS-056,"Glossy Paper 115gsm","Print & Stationery > Flyers & Brochures","G:/My Drive/Website Images\PS-056.webp",matched
PS-057,"Glossy Paper 135gsm","Print & Stationery > Flyers & Brochures","G:/My Drive/Website Images\PS-057.webp",matched
PS-058,"Glossy Paper 170gsm","Print & Stationery > Flyers & Brochures","G:/My Drive/Website Images\PS-058.webp",matched
PS-059,"Wood Free Paper 100gsm","Print & Stationery > Flyers & Brochures","G:/My Drive/Website Images\PS-059.webp",matched
PS-060,"Glossy Paper 115gsm","Print & Stationery > Flyers & Brochures","G:/My Drive/Website Images\PS-060.webp",matched
PS-061,"Glossy Paper 135gsm","Print & Stationery > Flyers & Brochures","G:/My Drive/Website Images\PS-061.webp",matched
PS-062,"Glossy Paper 170gsm","Print & Stationery > Flyers & Brochures","G:/My Drive/Website Images\PS-062.webp",matched
PS-063,"Glossy Paper 200gsm","Print & Stationery > Flyers & Brochures","G:/My Drive/Website Images\PS-063.webp",matched
PS-064,"Wood Free Paper 100gsm","Print & Stationery > Flyers & Brochures","G:/My Drive/Website Images\PS-064.webp",matched
PS-065,"100lb Gloss Text","Print & Stationery > Flyers & Brochures","G:/My Drive/Website Images\PS-065.webp",matched
PS-066,100lb+Matte,"Print & Stationery > Flyers & Brochures","G:/My Drive/Website Images\PS-066.webp",matched
PS-067,100lb+UV,"Print & Stationery > Flyers & Brochures","G:/My Drive/Website Images\PS-067.webp",matched
PS-068,"80lb Enviro Uncoated","Print & Stationery > Flyers & Brochures","G:/My Drive/Website Images\PS-068.webp",matched
PS-069,"70lb Linen Uncoated","Print & Stationery > Flyers & Brochures","G:/My Drive/Website Images\PS-069.webp",matched
PS-070,"Glossy Paper 115gsm","Print & Stationery > Flyers & Brochures","G:/My Drive/Website Images\PS-070.webp",matched
PS-071,"Glossy Paper 135gsm","Print & Stationery > Flyers & Brochures","G:/My Drive/Website Images\PS-071.webp",matched
PS-072,"Glossy Paper 170gsm","Print & Stationery > Flyers & Brochures","G:/My Drive/Website Images\PS-072.webp",matched
PS-073,"Glossy Paper 200gsm","Print & Stationery > Flyers & Brochures","G:/My Drive/Website Images\PS-073.webp",matched
PS-074,"Wood Free Paper 100gsm","Print & Stationery > Flyers & Brochures","G:/My Drive/Website Images\PS-074.webp",matched
PS-075,"Glossy Paper 115gsm","Print & Stationery > Flyers & Brochures","G:/My Drive/Website Images\PS-075.webp",matched
PS-076,"Glossy Paper 135gsm","Print & Stationery > Flyers & Brochures","G:/My Drive/Website Images\PS-076.webp",matched
PS-077,"Glossy Paper 170gsm","Print & Stationery > Flyers & Brochures","G:/My Drive/Website Images\PS-077.webp",matched
PS-078,"Wood Free Paper 100gsm","Print & Stationery > Flyers & Brochures","G:/My Drive/Website Images\PS-078.webp",matched
PS-079,"Glossy Paper 115gsm","Print & Stationery > Flyers & Brochures","G:/My Drive/Website Images\PS-079.webp",matched
PS-080,"Glossy Paper 135gsm","Print & Stationery > Flyers & Brochures","G:/My Drive/Website Images\PS-080.webp",matched
PS-081,"Glossy Paper 170gsm","Print & Stationery > Flyers & Brochures","G:/My Drive/Website Images\PS-081.webp",matched
PS-082,"Wood Free Paper 100gsm","Print & Stationery > Flyers & Brochures","G:/My Drive/Website Images\PS-082.webp",matched
PS-083,"100lb Gloss Text","Print & Stationery > Flyers & Brochures","G:/My Drive/Website Images\PS-083.webp",matched
PS-084,100lb+UV,"Print & Stationery > Flyers & Brochures","G:/My Drive/Website Images\PS-084.webp",matched
PS-085,100lb+Matte,"Print & Stationery > Flyers & Brochures","G:/My Drive/Website Images\PS-085.webp",matched
PS-086,"80lb Enviro Uncoated","Print & Stationery > Flyers & Brochures","G:/My Drive/Website Images\PS-086.webp",matched
PS-087,"Glossy Paper 115gsm","Print & Stationery > Flyers & Brochures","G:/My Drive/Website Images\PS-087.webp",matched
PS-088,"Glossy Paper 135gsm","Print & Stationery > Flyers & Brochures","G:/My Drive/Website Images\PS-088.webp",matched
PS-089,"Glossy Paper 170gsm","Print & Stationery > Flyers & Brochures","G:/My Drive/Website Images\PS-089.webp",matched
PS-090,"Wood Free Paper 100gsm","Print & Stationery > Flyers & Brochures","G:/My Drive/Website Images\PS-090.webp",matched
PS-091,"Z-Fold Glossy","Print & Stationery > Flyers & Brochures","G:/My Drive/Website Images\PS-091.webp",matched
PS-092,"Z-Fold Matte","Print & Stationery > Flyers & Brochures","G:/My Drive/Website Images\PS-092.webp",matched
PS-093,"Gate-Fold Glossy","Print & Stationery > Flyers & Brochures","G:/My Drive/Website Images\PS-093.webp",matched
PS-094,"Gate-Fold Matte","Print & Stationery > Flyers & Brochures","G:/My Drive/Website Images\PS-094.webp",matched
PS-095,"14pt+Matte Finish","Print & Stationery > Flyers & Brochures","G:/My Drive/Website Images\PS-095.webp",matched
PS-096,10pt+Matte,"Print & Stationery > Flyers & Brochures","G:/My Drive/Website Images\PS-096.webp",matched
PS-097,14pt+Matte,"Print & Stationery > Flyers & Brochures","G:/My Drive/Website Images\PS-097.webp",matched
PS-098,16pt+Matte,"Print & Stationery > Flyers & Brochures","G:/My Drive/Website Images\PS-098.webp",matched
PS-099,14pt+UV,"Print & Stationery > Flyers & Brochures","G:/My Drive/Website Images\PS-099.webp",matched
PS-100,16pt+UV,"Print & Stationery > Flyers & Brochures","G:/My Drive/Website Images\PS-100.webp",matched
PS-101,"18pt Gloss Lam","Print & Stationery > Flyers & Brochures","G:/My Drive/Website Images\PS-101.webp",matched
PS-102,"18pt Matte/Silk Lam","Print & Stationery > Flyers & Brochures","G:/My Drive/Website Images\PS-102.webp",matched
PS-103,10pt+AQ,"Print & Stationery > Flyers & Brochures","G:/My Drive/Website Images\PS-103.webp",matched
PS-104,14pt+AQ,"Print & Stationery > Flyers & Brochures","G:/My Drive/Website Images\PS-104.webp",matched
PS-105,16pt+AQ,"Print & Stationery > Flyers & Brochures","G:/My Drive/Website Images\PS-105.webp",matched
PS-106,"13pt Enviro","Print & Stationery > Flyers & Brochures","G:/My Drive/Website Images\PS-106.webp",matched
PS-107,"13pt Linen","Print & Stationery > Flyers & Brochures","G:/My Drive/Website Images\PS-107.webp",matched
PS-108,"14pt Writable+AQ","Print & Stationery > Flyers & Brochures","G:/My Drive/Website Images\PS-108.webp",matched
PS-109,"14pt Writable+UV","Print & Stationery > Flyers & Brochures","G:/My Drive/Website Images\PS-109.webp",matched
PS-110,"Specialty – Metallic Foil","Print & Stationery > Flyers & Brochures","G:/My Drive/Website Images\PS-110.webp",matched
PS-111,"Specialty – Kraft","Print & Stationery > Flyers & Brochures","G:/My Drive/Website Images\PS-111.webp",matched
PS-112,"Specialty – Durable","Print & Stationery > Flyers & Brochures","G:/My Drive/Website Images\PS-112.webp",matched
PS-113,"Specialty – Spot UV","Print & Stationery > Flyers & Brochures","G:/My Drive/Website Images\PS-113.webp",matched
PS-114,"Specialty – Pearl","Print & Stationery > Flyers & Brochures","G:/My Drive/Website Images\PS-114.webp",matched
PS-115,14pt+Matte,"Print & Stationery > Flyers & Brochures","G:/My Drive/Website Images\PS-115.webp",matched
PS-116,14pt+UV,"Print & Stationery > Flyers & Brochures","G:/My Drive/Website Images\PS-116.webp",matched
PS-117,10pt+Matte,"Print & Stationery > Flyers & Brochures","G:/My Drive/Website Images\PS-117.webp",matched
PS-118,"18pt Matte/Silk Lam","Print & Stationery > Flyers & Brochures","G:/My Drive/Website Images\PS-118.webp",matched
PS-119,"18pt Gloss Lam","Print & Stationery > Flyers & Brochures","G:/My Drive/Website Images\PS-119.webp",matched
PS-120,"14pt Writable+UV","Print & Stationery > Flyers & Brochures","G:/My Drive/Website Images\PS-120.webp",matched
PS-121,16pt+Matte,"Print & Stationery > Flyers & Brochures","G:/My Drive/Website Images\PS-121.webp",matched
PS-122,16pt+UV,"Print & Stationery > Flyers & Brochures","G:/My Drive/Website Images\PS-122.webp",matched
PS-123,"13pt Enviro","Print & Stationery > Flyers & Brochures","G:/My Drive/Website Images\PS-123.webp",matched
PS-124,"13pt Linen","Print & Stationery > Flyers & Brochures","G:/My Drive/Website Images\PS-124.webp",matched
PS-125,"18pt Matte Lam+Spot UV","Print & Stationery > Flyers & Brochures","G:/My Drive/Website Images\PS-125.webp",matched
PS-126,"Wood Free Paper 100gsm","Print & Stationery > Stationery","G:/My Drive/Website Images\PS-126.webp",matched
PS-127,"Wood Free Paper 120gsm","Print & Stationery > Stationery","G:/My Drive/Website Images\PS-127.webp",matched
PS-128,"60lb Uncoated","Print & Stationery > Stationery","G:/My Drive/Website Images\PS-128.webp",matched
PS-129,"Wood Free Paper 100gsm","Print & Stationery > Stationery","G:/My Drive/Website Images\PS-129.webp",matched
PS-130,"Wood Free Paper 120gsm","Print & Stationery > Stationery","G:/My Drive/Website Images\PS-130.webp",matched
PS-131,"Security 60lb Uncoated","Print & Stationery > Stationery","G:/My Drive/Website Images\PS-131.webp",matched
PS-132,"60lb Uncoated (Self-Adhesive)","Print & Stationery > Stationery","G:/My Drive/Website Images\PS-132.webp",matched
PS-133,"60lb Uncoated 25pgs","Print & Stationery > Stationery","G:/My Drive/Website Images\PS-133.webp",matched
PS-134,"60lb Uncoated 50pgs","Print & Stationery > Stationery","G:/My Drive/Website Images\PS-134.webp",matched
PS-135,"Wiro Bound","Print & Stationery > Stationery","G:/My Drive/Website Images\PS-135.webp",matched
PS-136,"Spiral Bound","Print & Stationery > Stationery","G:/My Drive/Website Images\PS-136.webp",matched
PS-137,"3 Part NCR Forms","Print & Stationery > Stationery","G:/My Drive/Website Images\PS-137.webp",matched
PS-138,"Bill Book NCR","Print & Stationery > Stationery","G:/My Drive/Website Images\PS-138.webp",matched
PS-139,"Standard Matte Finish","Print & Stationery > Stationery","G:/My Drive/Website Images\PS-139.webp",matched
PS-140,"Standard UV","Print & Stationery > Stationery","G:/My Drive/Website Images\PS-140.webp",matched
PS-141,"Matte Laminated","Print & Stationery > Stationery","G:/My Drive/Website Images\PS-141.webp",matched
PS-142,"Standard AQ","Print & Stationery > Stationery","G:/My Drive/Website Images\PS-142.webp",matched
PS-143,"Specialty – Metallic Foil","Print & Stationery > Stationery","G:/My Drive/Website Images\PS-143.webp",matched
PS-144,Standard,"Print & Stationery > Stationery","G:/My Drive/Website Images\PS-144.webp",matched
PS-145,"Branded Memo Pad","Print & Stationery > Stationery","G:/My Drive/Website Images\PS-145.webp",matched
PS-146,"Sticky Notes","Print & Stationery > Stationery","G:/My Drive/Website Images\PS-146.webp",matched
PS-147,"Rubber Stamp","Print & Stationery > Stationery","G:/My Drive/Website Images\PS-147.webp",matched
PS-148,"Self-Inking Stamp","Print & Stationery > Stationery","G:/My Drive/Website Images\PS-148.webp",matched
PS-149,"Standard Tags","Print & Stationery > Stationery","G:/My Drive/Website Images\PS-149.webp",matched
PS-150,"Hang Tags","Print & Stationery > Stationery","G:/My Drive/Website Images\PS-150.webp",matched
PS-151,"Saddle Stitch","Print & Stationery > Stationery","G:/My Drive/Website Images\PS-151.webp",matched
PS-152,"Perfect Binding","Print & Stationery > Stationery","G:/My Drive/Website Images\PS-152.webp",matched
PS-153,"Wiro Binding","Print & Stationery > Stationery","G:/My Drive/Website Images\PS-153.webp",matched
PS-154,"Spiral Binding","Print & Stationery > Stationery","G:/My Drive/Website Images\PS-154.webp",matched
PS-155,"Hard Cover","Print & Stationery > Stationery","G:/My Drive/Website Images\PS-155.webp",matched
PS-156,"80lb Gloss Text","Print & Stationery > Booklets & Catalogues","G:/My Drive/Website Images\PS-156.webp",matched
PS-157,"100lb Gloss Text","Print & Stationery > Booklets & Catalogues","G:/My Drive/Website Images\PS-157.webp",matched
PS-158,"60lb Offset Text","Print & Stationery > Booklets & Catalogues","G:/My Drive/Website Images\PS-158.webp",matched
PS-159,"80lb Silk Text","Print & Stationery > Booklets & Catalogues","G:/My Drive/Website Images\PS-159.webp",matched
PS-160,"100lb Silk Text","Print & Stationery > Booklets & Catalogues","G:/My Drive/Website Images\PS-160.webp",matched
PS-161,"Gloss Cover","Print & Stationery > Booklets & Catalogues","G:/My Drive/Website Images\PS-161.webp",matched
PS-162,"Matte Cover","Print & Stationery > Booklets & Catalogues","G:/My Drive/Website Images\PS-162.webp",matched
PS-163,"Soft Touch Cover","Print & Stationery > Booklets & Catalogues","G:/My Drive/Website Images\PS-163.webp",matched
PS-164,"Standard Wire-O","Print & Stationery > Booklets & Catalogues","G:/My Drive/Website Images\PS-164.webp",matched
PS-165,"Twin Loop Wire","Print & Stationery > Booklets & Catalogues","G:/My Drive/Website Images\PS-165.webp",matched
PS-166,"Saddle Stitch","Print & Stationery > Booklets & Catalogues","G:/My Drive/Website Images\PS-166.webp",matched
PS-167,"Perfect Bound","Print & Stationery > Booklets & Catalogues","G:/My Drive/Website Images\PS-167.webp",matched
PS-168,"Hard Cover","Print & Stationery > Booklets & Catalogues","G:/My Drive/Website Images\PS-168.webp",matched
PS-169,"B2B Catalogue","Print & Stationery > Booklets & Catalogues","G:/My Drive/Website Images\PS-169.webp",matched
PS-170,"Retail Catalogue","Print & Stationery > Booklets & Catalogues","G:/My Drive/Website Images\PS-170.webp",matched
PS-171,"Rolled Certificate","Print & Stationery > Certificates & Invitations",,ignored
PS-172,"Framed Certificate","Print & Stationery > Certificates & Invitations","G:/My Drive/Website Images\PS-172.webp",matched
PS-173,"Framed Award","Print & Stationery > Certificates & Invitations","G:/My Drive/Website Images\PS-173.webp",matched
PS-174,"Rolled Award","Print & Stationery > Certificates & Invitations",,ignored
PS-175,"14pt Matte Finish","Print & Stationery > Certificates & Invitations","G:/My Drive/Website Images\PS-175.webp",matched
PS-176,"14pt Writable+AQ","Print & Stationery > Certificates & Invitations","G:/My Drive/Website Images\PS-176.webp",matched
PS-177,"14pt AQ","Print & Stationery > Certificates & Invitations","G:/My Drive/Website Images\PS-177.webp",matched
PS-178,"14pt UV","Print & Stationery > Certificates & Invitations","G:/My Drive/Website Images\PS-178.webp",matched
PS-179,"Kraft Paper","Print & Stationery > Certificates & Invitations","G:/My Drive/Website Images\PS-179.webp",matched
PS-180,"Pearl Paper","Print & Stationery > Certificates & Invitations","G:/My Drive/Website Images\PS-180.webp",matched
PS-181,"Metallic Foil","Print & Stationery > Certificates & Invitations","G:/My Drive/Website Images\PS-181.webp",matched
PS-182,"Luxury Card","Print & Stationery > Certificates & Invitations","G:/My Drive/Website Images\PS-182.webp",matched
PS-183,"Boxed Set","Print & Stationery > Certificates & Invitations","G:/My Drive/Website Images\PS-183.webp",matched
PS-184,"Foil Stamped","Print & Stationery > Certificates & Invitations","G:/My Drive/Website Images\PS-184.webp",matched
PS-185,"Standard Thank You Card","Print & Stationery > Certificates & Invitations","G:/My Drive/Website Images\PS-185.webp",matched
PS-186,"Hang Tag","Print & Stationery > Certificates & Invitations","G:/My Drive/Website Images\PS-186.webp",matched
PS-187,"80lb Gloss Text","Print & Stationery > Calendars","G:/My Drive/Website Images\PS-187.webp",matched
PS-188,"100lb Gloss Text","Print & Stationery > Calendars","G:/My Drive/Website Images\PS-188.webp",matched
PS-189,"Standard Desk Calendar","Print & Stationery > Calendars","G:/My Drive/Website Images\PS-189.webp",matched
PS-190,"Tent Style Desk Calendar","Print & Stationery > Calendars","G:/My Drive/Website Images\PS-190.webp",matched
PS-191,"Standard Pocket Calendar","Print & Stationery > Calendars","G:/My Drive/Website Images\PS-191.webp",matched
PS-192,"Promotional Pocket Calendar","Print & Stationery > Calendars","G:/My Drive/Website Images\PS-192.jpg",matched
PS-193,"14pt Numbered","Print & Stationery > Tickets & Coupons","G:/My Drive/Website Images\PS-193.webp",matched
PS-194,"Perforated Ticket","Print & Stationery > Tickets & Coupons","G:/My Drive/Website Images\PS-194.webp",matched
PS-195,"Standard Raffle Book","Print & Stationery > Tickets & Coupons","G:/My Drive/Website Images\PS-195.webp",matched
PS-196,"Numbered Raffle Book","Print & Stationery > Tickets & Coupons","G:/My Drive/Website Images\PS-196.webp",matched
PS-197,"Standard Scratch Card","Print & Stationery > Tickets & Coupons","G:/My Drive/Website Images\PS-197.webp",matched
PS-198,"Standard Gift Voucher","Print & Stationery > Tickets & Coupons","G:/My Drive/Website Images\PS-198.webp",matched
PS-199,"Folded Gift Voucher","Print & Stationery > Tickets & Coupons","G:/My Drive/Website Images\PS-199.webp",matched
PS-200,"Stamp Card","Print & Stationery > Tickets & Coupons","G:/My Drive/Website Images\PS-200.webp",matched
PS-201,"Points Card","Print & Stationery > Tickets & Coupons","G:/My Drive/Website Images\PS-201.webp",matched
PS-202,"Matt Lamination 350gsm","Print & Stationery > Menus & Placemats","G:/My Drive/Website Images\PS-202.webp",matched
PS-203,"Glossy Lamination 350gsm","Print & Stationery > Menus & Placemats","G:/My Drive/Website Images\PS-203.webp",matched
PS-204,"4 Color – Wood Free 80gsm","Print & Stationery > Menus & Placemats","G:/My Drive/Website Images\PS-204.webp",matched
PS-205,"4 Color – Wood Free 100gsm","Print & Stationery > Menus & Placemats","G:/My Drive/Website Images\PS-205.webp",matched
PS-206,"4 Color – Glossy 90gsm","Print & Stationery > Menus & Placemats","G:/My Drive/Website Images\PS-206.webp",matched
PS-207,"4 Color – Glossy 135gsm","Print & Stationery > Menus & Placemats","G:/My Drive/Website Images\PS-207.webp",matched
PS-208,"4 Color – Economy Paper","Print & Stationery > Menus & Placemats","G:/My Drive/Website Images\PS-208.webp",matched
PS-209,"1-2 Color – Glossy 90gsm","Print & Stationery > Menus & Placemats","G:/My Drive/Website Images\PS-209.webp",matched
PS-210,"1-2 Color – Glossy 135gsm","Print & Stationery > Menus & Placemats","G:/My Drive/Website Images\PS-210.webp",matched
PS-211,"1-2 Color – Wood Free 80gsm","Print & Stationery > Menus & Placemats","G:/My Drive/Website Images\PS-211.webp",matched
PS-212,"1-2 Color – Wood Free 100gsm","Print & Stationery > Menus & Placemats","G:/My Drive/Website Images\PS-212.webp",matched
PS-213,"1-2 Color – Economy Paper","Print & Stationery > Menus & Placemats","G:/My Drive/Website Images\PS-213.webp",matched
PS-214,"Glossy 170gsm","Print & Stationery > Die-Cut Products","G:/My Drive/Website Images\PS-214.webp",matched
PS-215,"Matt Lamination 350gsm","Print & Stationery > Die-Cut Products","G:/My Drive/Website Images\PS-215.webp",matched
PS-216,"Cane Design Matt Lam 350gsm","Print & Stationery > Die-Cut Products","G:/My Drive/Website Images\PS-216.webp",matched
PS-217,"Butterfly Design Matt Lam 350gsm","Print & Stationery > Die-Cut Products","G:/My Drive/Website Images\PS-217.webp",matched
PS-218,"Rounded Corner Matt Lam 350gsm","Print & Stationery > Die-Cut Products","G:/My Drive/Website Images\PS-218.webp",matched
PS-219,14pt+Matte,"Print & Stationery > Die-Cut Products","G:/My Drive/Website Images\PS-219.webp",matched
PS-220,14pt+UV,"Print & Stationery > Die-Cut Products","G:/My Drive/Website Images\PS-220.webp",matched
PS-221,"13pt Enviro Uncoated","Print & Stationery > Die-Cut Products","G:/My Drive/Website Images\PS-221.webp",matched
PS-222,"Glossy Lamination 80gsm","Print & Stationery > Die-Cut Products","G:/My Drive/Website Images\PS-222.webp",matched
PS-223,"Gold Foil Glossy Lamination 80gsm","Print & Stationery > Die-Cut Products","G:/My Drive/Website Images\PS-223.webp",matched
PS-224,"Matt Lamination","Print & Stationery > Die-Cut Products","G:/My Drive/Website Images\PS-224.webp",matched
PS-225,"Spot UV Matt Lamination","Print & Stationery > Die-Cut Products","G:/My Drive/Website Images\PS-225.webp",matched
PS-226,"Gold Foil Spot UV Matt Lamination","Print & Stationery > Die-Cut Products","G:/My Drive/Website Images\PS-226.webp",matched
PS-227,"Standard White Ink","Print & Stationery > Stickers","G:/My Drive/Website Images\PS-227.webp",matched
PS-228,"White Ink on Clear","Print & Stationery > Stickers","G:/My Drive/Website Images\PS-228.webp",matched
PS-229,"Standard Epoxy","Print & Stationery > Stickers","G:/My Drive/Website Images\PS-229.webp",matched
PS-230,"Custom Shape Epoxy","Print & Stationery > Stickers","G:/My Drive/Website Images\PS-230.webp",matched
PS-231,"Standard Windshield","Print & Stationery > Stickers","G:/My Drive/Website Images\PS-231.webp",matched
PS-232,"Perforated Windshield","Print & Stationery > Stickers","G:/My Drive/Website Images\PS-232.webp",matched
PS-233,"Standard Stencil","Print & Stationery > Stickers","G:/My Drive/Website Images\PS-233.webp",matched
PS-234,"Custom Cut Stencil","Print & Stationery > Stickers","G:/My Drive/Website Images\PS-234.webp",matched
PS-235,"Safety Helmet","Print & Stationery > Stickers","G:/My Drive/Website Images\PS-235.webp",matched
PS-236,"Sports Helmet","Print & Stationery > Stickers","G:/My Drive/Website Images\PS-236.webp",matched
PS-237,"Standard Kraft","Print & Stationery > Stickers","G:/My Drive/Website Images\PS-237.webp",matched
PS-238,"Eco Kraft","Print & Stationery > Stickers","G:/My Drive/Website Images\PS-238.webp",matched
PS-239,"Permanent Vinyl","Print & Stationery > Stickers","G:/My Drive/Website Images\PS-239.webp",matched
PS-240,"Removable Vinyl","Print & Stationery > Stickers","G:/My Drive/Website Images\PS-240.webp",matched
PS-241,"Custom Shape","Print & Stationery > Stickers","G:/My Drive/Website Images\PS-241.webp",matched
PS-242,"Kiss Cut Sheet","Print & Stationery > Stickers","G:/My Drive/Website Images\PS-242.webp",matched
PS-243,"White Vinyl (Permanent)","Print & Stationery > Stickers","G:/My Drive/Website Images\PS-243.webp",matched
PS-244,"White Vinyl (Removable)","Print & Stationery > Stickers","G:/My Drive/Website Images\PS-244.webp",matched
PS-245,"Glossy Lamination 80gsm","Print & Stationery > Stickers","G:/My Drive/Website Images\PS-245.webp",matched
PS-246,"Gold Foil Glossy Lamination 80gsm","Print & Stationery > Stickers","G:/My Drive/Website Images\PS-246.webp",matched
PS-247,"Without Lamination 23x17cm","Print & Stationery > Stickers","G:/My Drive/Website Images\PS-247.webp",matched
PS-248,"Without Lamination 8x12cm","Print & Stationery > Stickers","G:/My Drive/Website Images\PS-248.webp",matched
PS-249,"Standard Receipt Voucher","Print & Stationery > Voucher Books","G:/My Drive/Website Images\PS-249.webp",matched
PS-250,"Duplicate Receipt Voucher","Print & Stationery > Voucher Books","G:/My Drive/Website Images\PS-250.webp",matched
PS-251,"Triplicate Receipt Voucher","Print & Stationery > Voucher Books","G:/My Drive/Website Images\PS-251.webp",matched
PS-252,"Standard Petty Cash","Print & Stationery > Voucher Books","G:/My Drive/Website Images\PS-252.webp",matched
PS-253,"Duplicate Petty Cash","Print & Stationery > Voucher Books","G:/My Drive/Website Images\PS-253.webp",matched
PS-254,"Standard LPO","Print & Stationery > Voucher Books","G:/My Drive/Website Images\PS-254.webp",matched
PS-255,"Duplicate LPO","Print & Stationery > Voucher Books","G:/My Drive/Website Images\PS-255.webp",matched
PS-256,"Standard DO Book","Print & Stationery > Voucher Books","G:/My Drive/Website Images\PS-256.webp",matched
PS-257,"Duplicate DO Book","Print & Stationery > Voucher Books","G:/My Drive/Website Images\PS-257.webp",matched
PS-258,"14pt Variable","Print & Stationery > Variable Printing","G:/My Drive/Website Images\PS-258.webp",matched
PS-259,"Matte Variable","Print & Stationery > Variable Printing","G:/My Drive/Website Images\PS-259.webp",matched
PS-260,"UV Variable","Print & Stationery > Variable Printing","G:/My Drive/Website Images\PS-260.webp",matched
PS-261,"4 Color – Glossy 90gsm","Print & Stationery > Crowd Promotion","G:/My Drive/Website Images\PS-261.webp",matched
PS-262,"4 Color – Glossy 135gsm","Print & Stationery > Crowd Promotion","G:/My Drive/Website Images\PS-262.webp",matched
PS-263,"4 Color – Wood Free 80gsm","Print & Stationery > Crowd Promotion","G:/My Drive/Website Images\PS-263.webp",matched
PS-264,"4 Color – Wood Free 100gsm","Print & Stationery > Crowd Promotion","G:/My Drive/Website Images\PS-264.webp",matched
PS-265,"4 Color – Economy Paper","Print & Stationery > Crowd Promotion","G:/My Drive/Website Images\PS-265.webp",matched
PS-266,"1-2 Color – Glossy 90gsm","Print & Stationery > Crowd Promotion","G:/My Drive/Website Images\PS-266.webp",matched
PS-267,"1-2 Color – Glossy 135gsm","Print & Stationery > Crowd Promotion","G:/My Drive/Website Images\PS-267.webp",matched
PS-268,"1-2 Color – Wood Free 80gsm","Print & Stationery > Crowd Promotion","G:/My Drive/Website Images\PS-268.webp",matched
PS-269,"1-2 Color – Wood Free 100gsm","Print & Stationery > Crowd Promotion","G:/My Drive/Website Images\PS-269.webp",matched
PS-270,"1-2 Color – Economy Paper","Print & Stationery > Crowd Promotion","G:/My Drive/Website Images\PS-270.webp",matched
PS-271,"CD Printing","Print & Stationery > Crowd Promotion","G:/My Drive/Website Images\PS-271.webp",matched
PS-272,"DVD Printing","Print & Stationery > Crowd Promotion","G:/My Drive/Website Images\PS-272.webp",matched
PS-273,"CD Cover","Print & Stationery > Crowd Promotion","G:/My Drive/Website Images\PS-273.webp",matched
PS-274,"DVD Cover","Print & Stationery > Crowd Promotion","G:/My Drive/Website Images\PS-274.webp",matched
CG-001,"Men's T-Shirt","Corporate Gifts > Branded Apparel","G:/My Drive/Website Images\CG-001.webp",matched
CG-002,"Women's T-Shirt","Corporate Gifts > Branded Apparel","G:/My Drive/Website Images\CG-002.webp",matched
CG-003,"Kids T-Shirt","Corporate Gifts > Branded Apparel","G:/My Drive/Website Images\CG-003.webp",matched
CG-004,"Polo Shirt","Corporate Gifts > Branded Apparel","G:/My Drive/Website Images\CG-004.webp",matched
CG-005,"Long Sleeve Shirt","Corporate Gifts > Branded Apparel","G:/My Drive/Website Images\CG-005.webp",matched
CG-006,"Embroidered Cap","Corporate Gifts > Branded Apparel","G:/My Drive/Website Images\CG-006.webp",matched
CG-007,"Printed Cap","Corporate Gifts > Branded Apparel","G:/My Drive/Website Images\CG-007.webp",matched
CG-008,"Embroidered Beanie","Corporate Gifts > Branded Apparel","G:/My Drive/Website Images\CG-008.webp",matched
CG-009,Hoodie,"Corporate Gifts > Branded Apparel","G:/My Drive/Website Images\CG-009.webp",matched
CG-010,Sweatshirt,"Corporate Gifts > Branded Apparel","G:/My Drive/Website Images\CG-010.webp",matched
CG-011,"Tank Top","Corporate Gifts > Branded Apparel","G:/My Drive/Website Images\CG-011.webp",matched
CG-012,"Football Jersey","Corporate Gifts > Branded Apparel","G:/My Drive/Website Images\CG-012.webp",matched
CG-013,"Sports Jersey","Corporate Gifts > Branded Apparel","G:/My Drive/Website Images\CG-013.webp",matched
CG-014,"Reflective Safety Vest","Corporate Gifts > Branded Apparel","G:/My Drive/Website Images\CG-014.webp",matched
CG-015,"Embroidery Patch","Corporate Gifts > Branded Apparel","G:/My Drive/Website Images\CG-015.webp",matched
CG-016,"Woven Patch","Corporate Gifts > Branded Apparel","G:/My Drive/Website Images\CG-016.webp",matched
CG-017,"Silicone Label Patch","Corporate Gifts > Branded Apparel","G:/My Drive/Website Images\CG-017.webp",matched
CG-018,"Fan Scarf","Corporate Gifts > Branded Apparel","G:/My Drive/Website Images\CG-018.webp",matched
CG-019,"Pocket Square","Corporate Gifts > Branded Apparel","G:/My Drive/Website Images\CG-019.webp",matched
CG-020,Handkerchief,"Corporate Gifts > Branded Apparel","G:/My Drive/Website Images\CG-020.webp",matched
CG-021,"11oz Ceramic Mug","Corporate Gifts > Drinkware","G:/My Drive/Website Images\CG-021.webp",matched
CG-022,"15oz Ceramic Mug","Corporate Gifts > Drinkware","G:/My Drive/Website Images\CG-022.webp",matched
CG-023,"12oz Stainless Steel Mug","Corporate Gifts > Drinkware","G:/My Drive/Website Images\CG-023.webp",matched
CG-024,"16oz Frosted Beer Mug","Corporate Gifts > Drinkware","G:/My Drive/Website Images\CG-024.webp",matched
CG-025,"18oz Clear Beer Mug","Corporate Gifts > Drinkware","G:/My Drive/Website Images\CG-025.webp",matched
CG-026,"20oz Tumbler","Corporate Gifts > Drinkware","G:/My Drive/Website Images\CG-026.webp",matched
CG-027,"17oz Stainless Steel Bottle","Corporate Gifts > Drinkware","G:/My Drive/Website Images\CG-027.webp",matched
CG-028,"Sports Flask","Corporate Gifts > Drinkware","G:/My Drive/Website Images\CG-028.webp",matched
CG-029,"Travel Mug","Corporate Gifts > Drinkware","G:/My Drive/Website Images\CG-029.webp",matched
CG-030,"Coffee Flask","Corporate Gifts > Drinkware","G:/My Drive/Website Images\CG-030.webp",matched
CG-031,"Standard Water Bottle","Corporate Gifts > Drinkware","G:/My Drive/Website Images\CG-031.webp",matched
CG-032,"Branded Water Bottle","Corporate Gifts > Drinkware","G:/My Drive/Website Images\CG-032.webp",matched
CG-033,"12oz Clear Mason Jar","Corporate Gifts > Drinkware","G:/My Drive/Website Images\CG-033.webp",matched
CG-034,"12oz Frosted Mason Jar","Corporate Gifts > Drinkware","G:/My Drive/Website Images\CG-034.webp",matched
CG-035,"Standard Mobile Cover","Corporate Gifts > Drinkware","G:/My Drive/Website Images\CG-035.webp",matched
CG-036,"Standard Coffee Stencil","Corporate Gifts > Drinkware","G:/My Drive/Website Images\CG-036.webp",matched
CG-037,"Laptop Backpack","Corporate Gifts > Bags & Accessories","G:/My Drive/Website Images\CG-037.webp",matched
CG-038,"Sling Bag","Corporate Gifts > Bags & Accessories","G:/My Drive/Website Images\CG-038.webp",matched
CG-039,"Conference Bag","Corporate Gifts > Bags & Accessories","G:/My Drive/Website Images\CG-039.webp",matched
CG-040,"Trolley Bag","Corporate Gifts > Bags & Accessories","G:/My Drive/Website Images\CG-040.webp",matched
CG-041,"Screen Print","Corporate Gifts > Bags & Accessories","G:/My Drive/Website Images\CG-041.webp",matched
CG-042,Embroidery,"Corporate Gifts > Bags & Accessories","G:/My Drive/Website Images\CG-042.webp",matched
CG-043,"Heat Transfer","Corporate Gifts > Bags & Accessories","G:/My Drive/Website Images\CG-043.webp",matched
CG-044,"Screen Print","Corporate Gifts > Bags & Accessories","G:/My Drive/Website Images\CG-044.webp",matched
CG-045,"Digital Print","Corporate Gifts > Bags & Accessories","G:/My Drive/Website Images\CG-045.webp",matched
CG-046,"Screen Print","Corporate Gifts > Bags & Accessories","G:/My Drive/Website Images\CG-046.webp",matched
CG-047,"Digital Print","Corporate Gifts > Bags & Accessories","G:/My Drive/Website Images\CG-047.webp",matched
CG-048,Flexo,"Corporate Gifts > Bags & Accessories","G:/My Drive/Website Images\CG-048.webp",matched
CG-049,"Digital Print","Corporate Gifts > Bags & Accessories","G:/My Drive/Website Images\CG-049.webp",matched
CG-050,"Twisted Rope Handle","Corporate Gifts > Bags & Accessories","G:/My Drive/Website Images\CG-050.webp",matched
CG-051,"Ribbon Handle","Corporate Gifts > Bags & Accessories","G:/My Drive/Website Images\CG-051.webp",matched
CG-052,"Flat Handle","Corporate Gifts > Bags & Accessories","G:/My Drive/Website Images\CG-052.webp",matched
CG-053,Auto-Open,"Corporate Gifts > Bags & Accessories","G:/My Drive/Website Images\CG-053.webp",matched
CG-054,Manual,"Corporate Gifts > Bags & Accessories","G:/My Drive/Website Images\CG-054.webp",matched
CG-055,"Mouse Pad","Corporate Gifts > Office & Desktop Gifts","G:/My Drive/Website Images\CG-055.webp",matched
CG-056,"Coaster Set (Pack of 10)","Corporate Gifts > Office & Desktop Gifts","G:/My Drive/Website Images\CG-056.webp",matched
CG-057,"Branded Pen","Corporate Gifts > Office & Desktop Gifts","G:/My Drive/Website Images\CG-057.webp",matched
CG-058,"Writing Gift Set","Corporate Gifts > Office & Desktop Gifts","G:/My Drive/Website Images\CG-058.webp",matched
CG-059,"USB Drive","Corporate Gifts > Office & Desktop Gifts","G:/My Drive/Website Images\CG-059.webp",matched
CG-060,"Tech Accessory Set","Corporate Gifts > Office & Desktop Gifts","G:/My Drive/Website Images\CG-060.webp",matched
CG-061,"Desk Organiser","Corporate Gifts > Office & Desktop Gifts","G:/My Drive/Website Images\CG-061.webp",matched
CG-062,"Corporate Gift Set","Corporate Gifts > Office & Desktop Gifts","G:/My Drive/Website Images\CG-062.webp",matched
CG-063,"Standard Magnetic Sheet","Corporate Gifts > Office & Desktop Gifts","G:/My Drive/Website Images\CG-063.webp",matched
CG-064,"Standard PU Notebook","Corporate Gifts > Office Essentials","G:/My Drive/Website Images\CG-064.webp",matched
CG-065,"Premium PU Notebook","Corporate Gifts > Office Essentials","G:/My Drive/Website Images\CG-065.webp",matched
CG-066,"Standard PU Organizer","Corporate Gifts > Office Essentials","G:/My Drive/Website Images\CG-066.webp",matched
CG-067,"Standard Power Bank","Corporate Gifts > Tech Products","G:/My Drive/Website Images\CG-067.webp",matched
CG-068,"Slim Power Bank","Corporate Gifts > Tech Products","G:/My Drive/Website Images\CG-068.webp",matched
CG-069,"Standard Wireless Speaker","Corporate Gifts > Tech Products","G:/My Drive/Website Images\CG-069.webp",matched
CG-070,"USB-A Cable","Corporate Gifts > Tech Products","G:/My Drive/Website Images\CG-070.webp",matched
CG-071,"USB-C Cable","Corporate Gifts > Tech Products","G:/My Drive/Website Images\CG-071.webp",matched
CG-072,"Multi-tip Cable","Corporate Gifts > Tech Products","G:/My Drive/Website Images\CG-072.webp",matched
CG-073,"Stretched Canvas Print","Corporate Gifts > Premium & Specialty Gifts","G:/My Drive/Website Images\CG-073.webp",matched
CG-074,"HD Photo Panel","Corporate Gifts > Premium & Specialty Gifts","G:/My Drive/Website Images\CG-074.webp",matched
CG-075,"Custom Puzzle","Corporate Gifts > Premium & Specialty Gifts","G:/My Drive/Website Images\CG-075.webp",matched
CG-076,"Keychain (Pack of 10)","Corporate Gifts > Premium & Specialty Gifts","G:/My Drive/Website Images\CG-076.webp",matched
CG-077,"Standard Acrylic Trophy","Corporate Gifts > Premium & Specialty Gifts","G:/My Drive/Website Images\CG-077.webp",matched
CG-078,"Custom Acrylic Trophy","Corporate Gifts > Premium & Specialty Gifts","G:/My Drive/Website Images\CG-078.webp",matched
CG-079,"Standard Ramadan Box","Corporate Gifts > Premium & Specialty Gifts","G:/My Drive/Website Images\CG-079.webp",matched
CG-080,"Premium Eid Box","Corporate Gifts > Premium & Specialty Gifts","G:/My Drive/Website Images\CG-080.webp",matched
CG-081,"PVC ID Card","Corporate Gifts > Trade Shows & Events","G:/My Drive/Website Images\CG-081.webp",matched
CG-082,"Badge Reel","Corporate Gifts > Trade Shows & Events","G:/My Drive/Website Images\CG-082.webp",matched
CG-083,"Standard Name Badge","Corporate Gifts > Trade Shows & Events","G:/My Drive/Website Images\CG-083.webp",matched
CG-084,"Premium Name Tag","Corporate Gifts > Trade Shows & Events","G:/My Drive/Website Images\CG-084.webp",matched
CG-085,"Standard Crystal Trophy","Corporate Gifts > Trade Shows & Events","G:/My Drive/Website Images\CG-085.webp",matched
CG-086,"Custom Crystal Award","Corporate Gifts > Trade Shows & Events","G:/My Drive/Website Images\CG-086.webp",matched
CG-087,"Standard Plaque","Corporate Gifts > Trade Shows & Events","G:/My Drive/Website Images\CG-087.webp",matched
CG-088,"Premium Award","Corporate Gifts > Trade Shows & Events","G:/My Drive/Website Images\CG-088.webp",matched
CG-089,"Standard Fridge Magnet","Corporate Gifts > Trade Shows & Events","G:/My Drive/Website Images\CG-089.webp",matched
CG-090,"Custom Die Cut Fridge Magnet","Corporate Gifts > Trade Shows & Events","G:/My Drive/Website Images\CG-090.webp",matched
CG-091,"Enamel Pin","Corporate Gifts > Executive Kit","G:/My Drive/Website Images\CG-091.webp",matched
CG-092,"Metal Pin","Corporate Gifts > Executive Kit","G:/My Drive/Website Images\CG-092.webp",matched
CG-093,"Branded Tie","Corporate Gifts > Executive Kit","G:/My Drive/Website Images\CG-093.webp",matched
CG-094,"Tie Clip","Corporate Gifts > Executive Kit","G:/My Drive/Website Images\CG-094.webp",matched
CG-095,"Standard Cufflinks","Corporate Gifts > Executive Kit","G:/My Drive/Website Images\CG-095.webp",matched
CG-096,"Custom Logo Cufflinks","Corporate Gifts > Executive Kit","G:/My Drive/Website Images\CG-096.webp",matched
CG-097,"Military Coin","Corporate Gifts > Executive Kit","G:/My Drive/Website Images\CG-097.webp",matched
CG-098,"Corporate Coin","Corporate Gifts > Executive Kit","G:/My Drive/Website Images\CG-098.webp",matched
CG-099,"Standard Branded Napkin","Corporate Gifts > Event Disposables","G:/My Drive/Website Images\CG-099.webp",matched
CG-100,"Standard Event Label","Corporate Gifts > Event Disposables","G:/My Drive/Website Images\CG-100.webp",matched
PL-001,"Straight Tuck End (STE)","Packaging & Labels > Product Boxes","G:/My Drive/Website Images\PL-001.webp",matched
PL-002,"Reverse Tuck End (RTE)","Packaging & Labels > Product Boxes","G:/My Drive/Website Images\PL-002.webp",matched
PL-003,"Auto-lock Bottom","Packaging & Labels > Product Boxes","G:/My Drive/Website Images\PL-003.webp",matched
PL-004,"Product Box Sleeves","Packaging & Labels > Product Boxes","G:/My Drive/Website Images\PL-004.webp",matched
PL-005,"Standard Rigid Box","Packaging & Labels > Product Boxes","G:/My Drive/Website Images\PL-005.webp",matched
PL-006,"Magnetic Closure Box","Packaging & Labels > Product Boxes","G:/My Drive/Website Images\PL-006.webp",matched
PL-007,Sleeve-Over-Tray,"Packaging & Labels > Product Boxes","G:/My Drive/Website Images\PL-007.webp",matched
PL-008,"Standard Sleeve","Packaging & Labels > Product Boxes","G:/My Drive/Website Images\PL-008.webp",matched
PL-009,"Pillow Box","Packaging & Labels > Product Boxes","G:/My Drive/Website Images\PL-009.webp",matched
PL-010,"Luxury Gift Box","Packaging & Labels > Product Boxes","G:/My Drive/Website Images\PL-010.webp",matched
PL-011,"Standard Mailer Box","Packaging & Labels > Mailer & Corrugated Boxes","G:/My Drive/Website Images\PL-011.webp",matched
PL-012,"E-Commerce Shipping Box","Packaging & Labels > Mailer & Corrugated Boxes","G:/My Drive/Website Images\PL-012.webp",matched
PL-013,"BOPP Labels (Premium)","Packaging & Labels > Roll Labels & Stickers","G:/My Drive/Website Images\PL-013.webp",matched
PL-014,"Poly Labels (Durable)","Packaging & Labels > Roll Labels & Stickers","G:/My Drive/Website Images\PL-014.webp",matched
PL-015,"Paper Labels (Cost Effective)","Packaging & Labels > Roll Labels & Stickers","G:/My Drive/Website Images\PL-015.webp",matched
PL-016,"Square Cut Labels","Packaging & Labels > Roll Labels & Stickers","G:/My Drive/Website Images\PL-016.webp",matched
PL-017,"Standard Cosmetic Label","Packaging & Labels > Roll Labels & Stickers","G:/My Drive/Website Images\PL-017.webp",matched
PL-018,"Specialty Finish Label","Packaging & Labels > Roll Labels & Stickers","G:/My Drive/Website Images\PL-018.webp",matched
PL-019,"Standard Food Label","Packaging & Labels > Roll Labels & Stickers","G:/My Drive/Website Images\PL-019.webp",matched
PL-020,"Waterproof Food Label","Packaging & Labels > Roll Labels & Stickers","G:/My Drive/Website Images\PL-020.webp",matched
PL-021,"Stand Up Pouch","Packaging & Labels > Flexible Packaging","G:/My Drive/Website Images\PL-021.webp",matched
PL-022,"Lay Flat Pouch","Packaging & Labels > Flexible Packaging","G:/My Drive/Website Images\PL-022.webp",matched
PL-023,"Roll Stock","Packaging & Labels > Flexible Packaging","G:/My Drive/Website Images\PL-023.webp",matched
PL-024,"Printed Coffee Pouch","Packaging & Labels > Flexible Packaging","G:/My Drive/Website Images\PL-024.webp",matched
PL-025,"Printed Tea Pouch","Packaging & Labels > Flexible Packaging","G:/My Drive/Website Images\PL-025.webp",matched
PL-026,"Custom Tissue Paper","Packaging & Labels > Custom Packaging","G:/My Drive/Website Images\PL-026.webp",matched
PL-027,"Packaging Insert","Packaging & Labels > Custom Packaging","G:/My Drive/Website Images\PL-027.webp",matched
PL-028,"Branded Wrapping Paper","Packaging & Labels > Custom Packaging","G:/My Drive/Website Images\PL-028.webp",matched
PL-029,"Custom Gift Wrap","Packaging & Labels > Custom Packaging","G:/My Drive/Website Images\PL-029.webp",matched
PL-030,"Custom Sticker Roll","Packaging & Labels > Custom Packaging","G:/My Drive/Website Images\PL-030.webp",matched
PL-031,"Label Dispenser","Packaging & Labels > Custom Packaging","G:/My Drive/Website Images\PL-031.webp",matched
PL-032,"Pearl Burger Box","Packaging & Labels > Food & Beverage Packaging","G:/My Drive/Website Images\PL-032.webp",matched
PL-033,"Simple Burger Box","Packaging & Labels > Food & Beverage Packaging","G:/My Drive/Website Images\PL-033.webp",matched
PL-034,"Gable Box Type 1","Packaging & Labels > Food & Beverage Packaging","G:/My Drive/Website Images\PL-034.webp",matched
PL-035,"Gable Box Type 2","Packaging & Labels > Food & Beverage Packaging","G:/My Drive/Website Images\PL-035.webp",matched
PL-036,"Cone French Fries Box (Takeaway)","Packaging & Labels > Food & Beverage Packaging","G:/My Drive/Website Images\PL-036.webp",matched
PL-037,"French Fries Tray (Indoor)","Packaging & Labels > Food & Beverage Packaging","G:/My Drive/Website Images\PL-037.webp",matched
PL-038,"Fried Chicken Tray (Indoor)","Packaging & Labels > Food & Beverage Packaging","G:/My Drive/Website Images\PL-038.webp",matched
PL-039,"Fried Chicken Box (Takeaway)","Packaging & Labels > Food & Beverage Packaging","G:/My Drive/Website Images\PL-039.webp",matched
PL-040,"Paper Cup 4oz (120cc) Double Wall","Packaging & Labels > Food & Beverage Packaging","G:/My Drive/Website Images\PL-040.webp",matched
PL-041,"Paper Cup 8oz (240cc) Double Wall","Packaging & Labels > Food & Beverage Packaging","G:/My Drive/Website Images\PL-041.webp",matched
PL-042,"Kraft White – Normal","Packaging & Labels > Bags & Carriers","G:/My Drive/Website Images\PL-042.webp",matched
PL-043,"Kraft White – Top Fold","Packaging & Labels > Bags & Carriers","G:/My Drive/Website Images\PL-043.webp",matched
PL-044,"Kraft Brown Recycled – Normal","Packaging & Labels > Bags & Carriers","G:/My Drive/Website Images\PL-044.webp",matched
PL-045,"Kraft Brown Recycled – Top Fold","Packaging & Labels > Bags & Carriers","G:/My Drive/Website Images\PL-045.webp",matched
PL-046,"Kraft Brown Virgin – Normal","Packaging & Labels > Bags & Carriers","G:/My Drive/Website Images\PL-046.webp",matched
PL-047,"Kraft Brown Virgin – Top Fold","Packaging & Labels > Bags & Carriers","G:/My Drive/Website Images\PL-047.webp",matched
PL-048,Small,"Packaging & Labels > Bags & Carriers","G:/My Drive/Website Images\PL-048.webp",matched
PL-049,Medium,"Packaging & Labels > Bags & Carriers","G:/My Drive/Website Images\PL-049.webp",matched
PL-050,Large,"Packaging & Labels > Bags & Carriers","G:/My Drive/Website Images\PL-050.webp",matched
LF-001,"13oz Glossy Vinyl","Large Format > Vinyl Banners & Hoardings","G:/My Drive/Website Images\LF-001.webp",matched
LF-002,"13oz Matte Vinyl","Large Format > Vinyl Banners & Hoardings","G:/My Drive/Website Images\LF-002.webp",matched
LF-003,"8oz Polyester Mesh","Large Format > Vinyl Banners & Hoardings","G:/My Drive/Website Images\LF-003.webp",matched
LF-004,"Standard Hoarding","Large Format > Vinyl Banners & Hoardings","G:/My Drive/Website Images\LF-004.webp",matched
LF-005,"Backlit Hoarding","Large Format > Vinyl Banners & Hoardings","G:/My Drive/Website Images\LF-005.webp",matched
LF-006,"Perforated Mesh Banner","Large Format > Vinyl Banners & Hoardings","G:/My Drive/Website Images\LF-006.webp",matched
LF-007,"Standard Outdoor","Large Format > Vinyl Banners & Hoardings","G:/My Drive/Website Images\LF-007.webp",matched
LF-008,"Backlit Outdoor","Large Format > Vinyl Banners & Hoardings","G:/My Drive/Website Images\LF-008.webp",matched
LF-009,"Fabric Banner","Large Format > Vinyl Banners & Hoardings","G:/My Drive/Website Images\LF-009.webp",matched
LF-010,"Textile Display","Large Format > Vinyl Banners & Hoardings","G:/My Drive/Website Images\LF-010.webp",matched
LF-011,"Standard Ceremonial Ribbon","Large Format > Vinyl Banners & Hoardings","G:/My Drive/Website Images\LF-011.webp",matched
LF-012,"Silver Base","Large Format > Pull-Up & Roll-Up Banners","G:/My Drive/Website Images\LF-012.webp",matched
LF-013,"Black Base","Large Format > Pull-Up & Roll-Up Banners","G:/My Drive/Website Images\LF-013.webp",matched
LF-014,"Table Top","Large Format > Pull-Up & Roll-Up Banners","G:/My Drive/Website Images\LF-014.webp",matched
LF-015,"Premium Stand","Large Format > Pull-Up & Roll-Up Banners","G:/My Drive/Website Images\LF-015.webp",matched
LF-016,"Premium Wide","Large Format > Pull-Up & Roll-Up Banners","G:/My Drive/Website Images\LF-016.webp",matched
LF-017,"Double Sided","Large Format > Pull-Up & Roll-Up Banners","G:/My Drive/Website Images\LF-017.webp",matched
LF-018,"Double Sided Standard","Large Format > Pull-Up & Roll-Up Banners","G:/My Drive/Website Images\LF-018.webp",matched
LF-019,"Double Sided Premium","Large Format > Pull-Up & Roll-Up Banners","G:/My Drive/Website Images\LF-019.webp",matched
LF-020,"13oz Matte Vinyl","Large Format > Frame Banners & Stands","G:/My Drive/Website Images\LF-020.webp",matched
LF-021,"4mm Coroplast A-Frame","Large Format > Frame Banners & Stands","G:/My Drive/Website Images\LF-021.webp",matched
LF-022,"Aluminum A-Frame Board","Large Format > Frame Banners & Stands","G:/My Drive/Website Images\LF-022.webp",matched
LF-023,"Spring A-Board","Large Format > Frame Banners & Stands","G:/My Drive/Website Images\LF-023.webp",matched
LF-024,H-Stand,"Large Format > Frame Banners & Stands","G:/My Drive/Website Images\LF-024.webp",matched
LF-025,"Standard Snap Frame","Large Format > Frame Banners & Stands","G:/My Drive/Website Images\LF-025.webp",matched
LF-026,"Lama Stand","Large Format > Frame Banners & Stands","G:/My Drive/Website Images\LF-026.webp",matched
LF-027,"Totem Display Stand","Large Format > Frame Banners & Stands","G:/My Drive/Website Images\LF-027.webp",matched
LF-028,"Forex Self Standee","Large Format > Frame Banners & Stands","G:/My Drive/Website Images\LF-028.webp",matched
LF-029,"Standard Step & Repeat","Large Format > Backdrops","G:/My Drive/Website Images\LF-029.webp",matched
LF-030,"Pop-Up Fabric","Large Format > Backdrops","G:/My Drive/Website Images\LF-030.webp",matched
LF-031,"Fabric Backdrop","Large Format > Backdrops","G:/My Drive/Website Images\LF-031.webp",matched
LF-032,"Standard Photo Booth Backdrop","Large Format > Backdrops","G:/My Drive/Website Images\LF-032.webp",matched
LF-033,"100lb Gloss Text","Large Format > Large Format Posters","G:/My Drive/Website Images\LF-033.webp",matched
LF-034,100lb+Matte,"Large Format > Large Format Posters","G:/My Drive/Website Images\LF-034.webp",matched
LF-035,100lb+UV,"Large Format > Large Format Posters","G:/My Drive/Website Images\LF-035.webp",matched
LF-036,"80lb Enviro Uncoated","Large Format > Large Format Posters","G:/My Drive/Website Images\LF-036.webp",matched
LF-037,"8pt C2S","Large Format > Large Format Posters","G:/My Drive/Website Images\LF-037.webp",matched
LF-038,"Standard Window Poster","Large Format > Large Format Posters","G:/My Drive/Website Images\LF-038.webp",matched
LF-039,"Standard Hanging Poster","Large Format > Large Format Posters","G:/My Drive/Website Images\LF-039.webp",matched
LF-040,"Standard Custom Photo Print","Large Format > Large Format Posters","G:/My Drive/Website Images\LF-040.webp",matched
LF-041,"Canvas Roll","Large Format > Canvas Prints","G:/My Drive/Website Images\LF-041.webp",matched
LF-042,"Stretched Canvas","Large Format > Canvas Prints","G:/My Drive/Website Images\LF-042.webp",matched
LF-043,"Aluminum Frame","Large Format > Canvas Prints","G:/My Drive/Website Images\LF-043.webp",matched
LF-044,"PVC Frame","Large Format > Canvas Prints","G:/My Drive/Website Images\LF-044.webp",matched
LF-045,"Wooden Frame","Large Format > Canvas Prints","G:/My Drive/Website Images\LF-045.webp",matched
LF-046,"Giclee Print","Large Format > Canvas Prints","G:/My Drive/Website Images\LF-046.webp",matched
LF-047,"Fine Art Print","Large Format > Canvas Prints","G:/My Drive/Website Images\LF-047.webp",matched
LF-048,"4mm Coroplast","Large Format > Rigid Board Signage","G:/My Drive/Website Images\LF-048.webp",matched
LF-049,"6mm Coroplast","Large Format > Rigid Board Signage","G:/My Drive/Website Images\LF-049.webp",matched
LF-050,"8mm Coroplast","Large Format > Rigid Board Signage","G:/My Drive/Website Images\LF-050.webp",matched
LF-051,"10mm Coroplast","Large Format > Rigid Board Signage","G:/My Drive/Website Images\LF-051.webp",matched
LF-052,"4mm Foam Board","Large Format > Rigid Board Signage","G:/My Drive/Website Images\LF-052.webp",matched
LF-053,"3mm Aluminium Sign","Large Format > Rigid Board Signage","G:/My Drive/Website Images\LF-053.webp",matched
LF-054,"20pt Styrene","Large Format > Rigid Board Signage","G:/My Drive/Website Images\LF-054.webp",matched
LF-055,"3mm PVC Sintra","Large Format > Rigid Board Signage","G:/My Drive/Website Images\LF-055.webp",matched
SG-001,"Standard 3D Unlit","Signage > 3D & Illuminated Signage","G:/My Drive/Website Images\SG-001.webp",matched
SG-002,"Backlit 3D","Signage > 3D & Illuminated Signage","G:/My Drive/Website Images\SG-002.webp",matched
SG-003,"Frontlit 3D","Signage > 3D & Illuminated Signage","G:/My Drive/Website Images\SG-003.webp",matched
SG-004,"LED Neon","Signage > 3D & Illuminated Signage","G:/My Drive/Website Images\SG-004.webp",matched
SG-005,"Glass Neon","Signage > 3D & Illuminated Signage","G:/My Drive/Website Images\SG-005.webp",matched
SG-006,"Standard Stainless Steel Letter","Signage > 3D & Illuminated Signage","G:/My Drive/Website Images\SG-006.webp",matched
SG-007,"Standard Acrylic Letter","Signage > 3D & Illuminated Signage","G:/My Drive/Website Images\SG-007.webp",matched
SG-008,"Custom Logo Shape","Signage > 3D & Illuminated Signage","G:/My Drive/Website Images\SG-008.webp",matched
SG-009,"Exterior Outlit Sign","Signage > 3D & Illuminated Signage","G:/My Drive/Website Images\SG-009.webp",matched
SG-010,"Illuminated Face Sign","Signage > 3D & Illuminated Signage","G:/My Drive/Website Images\SG-010.webp",matched
SG-011,"Standard Backlit Sign","Signage > 3D & Illuminated Signage","G:/My Drive/Website Images\SG-011.webp",matched
SG-012,"Wooden Cutout Letter","Signage > 3D & Illuminated Signage","G:/My Drive/Website Images\SG-012.webp",matched
SG-013,"Forex Styrofoam Letter","Signage > 3D & Illuminated Signage","G:/My Drive/Website Images\SG-013.webp",matched
SG-014,"Metal Letter","Signage > 3D & Illuminated Signage","G:/My Drive/Website Images\SG-014.webp",matched
SG-015,"Acrylic Letter","Signage > 3D & Illuminated Signage","G:/My Drive/Website Images\SG-015.webp",matched
SG-016,"Standard 3D Standee","Signage > 3D & Illuminated Signage","G:/My Drive/Website Images\SG-016.webp",matched
SG-017,"Standard Acrylic Sandwich","Signage > 3D & Illuminated Signage","G:/My Drive/Website Images\SG-017.webp",matched
SG-018,"Standard Acrylic Board","Signage > 3D & Illuminated Signage","G:/My Drive/Website Images\SG-018.webp",matched
SG-019,"Acrylic Name Plate","Signage > Name Plates & Labels","G:/My Drive/Website Images\SG-019.webp",matched
SG-020,"Metal Name Plate","Signage > Name Plates & Labels","G:/My Drive/Website Images\SG-020.webp",matched
SG-021,"Door Name Plate","Signage > Name Plates & Labels","G:/My Drive/Website Images\SG-021.webp",matched
SG-022,"Office Sign","Signage > Name Plates & Labels","G:/My Drive/Website Images\SG-022.webp",matched
SG-023,"Brass Engraved","Signage > Name Plates & Labels","G:/My Drive/Website Images\SG-023.webp",matched
SG-024,"Gold Engraved","Signage > Name Plates & Labels","G:/My Drive/Website Images\SG-024.webp",matched
SG-025,"House Name Plate With Light","Signage > Name Plates & Labels","G:/My Drive/Website Images\SG-025.webp",matched
SG-026,"House Name Plate Without Light","Signage > Name Plates & Labels","G:/My Drive/Website Images\SG-026.webp",matched
SG-027,"Desktop Name Plate","Signage > Name Plates & Labels","G:/My Drive/Website Images\SG-027.webp",matched
SG-028,"Number Stand","Signage > Name Plates & Labels","G:/My Drive/Website Images\SG-028.webp",matched
SG-029,"Standard Hanging Sign","Signage > Name Plates & Labels","G:/My Drive/Website Images\SG-029.webp",matched
SG-030,"Standard Wayfinding Sign","Signage > Wayfinding & Directory","G:/My Drive/Website Images\SG-030.webp",matched
SG-031,"Directory Board","Signage > Wayfinding & Directory","G:/My Drive/Website Images\SG-031.webp",matched
SG-032,"Hospital Directory","Signage > Wayfinding & Directory","G:/My Drive/Website Images\SG-032.webp",matched
SG-033,"Building Directory","Signage > Wayfinding & Directory","G:/My Drive/Website Images\SG-033.webp",matched
SG-034,"Standard LED Light Box","Signage > LED & Digital Signage","G:/My Drive/Website Images\SG-034.webp",matched
SG-035,"Slim Frame LED","Signage > LED & Digital Signage","G:/My Drive/Website Images\SG-035.webp",matched
SG-036,"LED Pylon","Signage > LED & Digital Signage","G:/My Drive/Website Images\SG-036.webp",matched
SG-037,"LED Tower","Signage > LED & Digital Signage","G:/My Drive/Website Images\SG-037.webp",matched
SG-038,"Standard Digital Kiosk","Signage > LED & Digital Signage","G:/My Drive/Website Images\SG-038.webp",matched
SG-039,"LED Display Banner","Signage > LED & Digital Signage","G:/My Drive/Website Images\SG-039.webp",matched
SG-040,"LED Screen Module","Signage > LED & Digital Signage","G:/My Drive/Website Images\SG-040.webp",matched
SG-041,"Soft LED Screen","Signage > LED & Digital Signage","G:/My Drive/Website Images\SG-041.webp",matched
SG-042,"LED Ticker Display","Signage > LED & Digital Signage","G:/My Drive/Website Images\SG-042.webp",matched
SG-043,"Foam Board Sign","Signage > Rigid Board Signage","G:/My Drive/Website Images\SG-043.webp",matched
SG-044,"PVC Sign","Signage > Rigid Board Signage","G:/My Drive/Website Images\SG-044.webp",matched
SG-045,"Standard ACP Sign","Signage > Rigid Board Signage","G:/My Drive/Website Images\SG-045.webp",matched
SG-046,"Standard Aluminium Sign","Signage > Rigid Board Signage","G:/My Drive/Website Images\SG-046.webp",matched
SG-047,"Styrene Sign","Signage > Rigid Board Signage","G:/My Drive/Website Images\SG-047.webp",matched
SG-048,"Sintra PVC Sign","Signage > Rigid Board Signage","G:/My Drive/Website Images\SG-048.webp",matched
SG-049,"Standard Safety Sign","Signage > Rigid Board Signage","G:/My Drive/Website Images\SG-049.webp",matched
SG-050,"Regulatory Sign","Signage > Rigid Board Signage","G:/My Drive/Website Images\SG-050.webp",matched
SG-051,"Standard Flex Face","Signage > Large Format & Panel Signs","G:/My Drive/Website Images\SG-051.webp",matched
SG-052,"Standard Wall Panel","Signage > Large Format & Panel Signs","G:/My Drive/Website Images\SG-052.webp",matched
SG-053,"Hoarding Sign","Signage > Large Format & Panel Signs","G:/My Drive/Website Images\SG-053.webp",matched
SG-054,"Billboard Sign","Signage > Large Format & Panel Signs","G:/My Drive/Website Images\SG-054.webp",matched
SG-055,"Pylon Sign","Signage > Large Format & Panel Signs","G:/My Drive/Website Images\SG-055.webp",matched
SG-056,"Unipole Sign","Signage > Large Format & Panel Signs","G:/My Drive/Website Images\SG-056.webp",matched
SG-057,"Project Site Sign","Signage > Large Format & Panel Signs","G:/My Drive/Website Images\SG-057.webp",matched
SG-058,"Construction Hoarding","Signage > Large Format & Panel Signs","G:/My Drive/Website Images\SG-058.webp",matched
SG-059,"Slim SEG Frame Light Box","Signage > Light Box Signage","G:/My Drive/Website Images\SG-059.webp",matched
SG-060,"Snap Frame LED Light Box","Signage > Light Box Signage","G:/My Drive/Website Images\SG-060.webp",matched
SG-061,"Industrial Engraved Label","Signage > Labels","G:/My Drive/Website Images\SG-061.webp",matched
SG-062,"Stainless Steel Label","Signage > Labels","G:/My Drive/Website Images\SG-062.webp",matched
SG-063,"Aluminium Label","Signage > Labels","G:/My Drive/Website Images\SG-063.webp",matched
SG-064,"Engraved Wooden Label","Signage > Labels","G:/My Drive/Website Images\SG-064.webp",matched
SG-065,"Laser Cut Wooden Label","Signage > Labels","G:/My Drive/Website Images\SG-065.webp",matched
SG-066,"Engraved Acrylic Label","Signage > Labels","G:/My Drive/Website Images\SG-066.webp",matched
SG-067,"Printed Acrylic Label","Signage > Labels","G:/My Drive/Website Images\SG-067.webp",matched
SG-068,"Warning Floor Sign","Signage > Safety Signage","G:/My Drive/Website Images\SG-068.webp",matched
SG-069,"Direction Floor Sign","Signage > Safety Signage","G:/My Drive/Website Images\SG-069.webp",matched
FL-001,"Standard Feather Flag","Flags > Feather & Sail Flags","G:/My Drive/Website Images\FL-001.webp",matched
FL-002,"Curved Top Flag","Flags > Feather & Sail Flags","G:/My Drive/Website Images\FL-002.webp",matched
FL-003,"Beach Flag","Flags > Feather & Sail Flags","G:/My Drive/Website Images\FL-003.webp",matched
FL-004,"Standard Sail Flag","Flags > Feather & Sail Flags","G:/My Drive/Website Images\FL-004.webp",matched
FL-005,"Advertising Flag","Flags > Feather & Sail Flags","G:/My Drive/Website Images\FL-005.webp",matched
FL-006,"Swooper Flag","Flags > Feather & Sail Flags","G:/My Drive/Website Images\FL-006.webp",matched
FL-007,"L-Shaped Flag","Flags > Feather & Sail Flags","G:/My Drive/Website Images\FL-007.webp",matched
FL-008,"Wall Mounted Flag","Flags > Feather & Sail Flags","G:/My Drive/Website Images\FL-008.webp",matched
FL-009,"Body Flag","Flags > Feather & Sail Flags","G:/My Drive/Website Images\FL-009.webp",matched
FL-010,"Telescopic Flag","Flags > Feather & Sail Flags","G:/My Drive/Website Images\FL-010.webp",matched
FL-011,"Hoisting Flag","Flags > Feather & Sail Flags","G:/My Drive/Website Images\FL-011.webp",matched
FL-012,"Pointing Flag","Flags > Feather & Sail Flags","G:/My Drive/Website Images\FL-012.webp",matched
FL-013,"Cluster Flag","Flags > Feather & Sail Flags","G:/My Drive/Website Images\FL-013.webp",matched
FL-014,"Stadium-Crowd Flag","Flags > Feather & Sail Flags","G:/My Drive/Website Images\FL-014.webp",matched
FL-015,"Boat Flag","Flags > Feather & Sail Flags","G:/My Drive/Website Images\FL-015.webp",matched
FL-016,"Racing Flag","Flags > Feather & Sail Flags","G:/My Drive/Website Images\FL-016.webp",matched
FL-017,"Finishing Line Flag","Flags > Feather & Sail Flags","G:/My Drive/Website Images\FL-017.webp",matched
FL-018,"Hand Waving Pole Flag","Flags > Feather & Sail Flags","G:/My Drive/Website Images\FL-018.webp",matched
FL-019,"Standard Tear Drop Flag","Flags > Tear Drop & Blade Flags","G:/My Drive/Website Images\FL-019.webp",matched
FL-020,"Standard Blade Flag","Flags > Tear Drop & Blade Flags","G:/My Drive/Website Images\FL-020.webp",matched
FL-021,"Event Teardrop Bundle","Flags > Tear Drop & Blade Flags","G:/My Drive/Website Images\FL-021.webp",matched
FL-022,"Single Silver Table Flag","Flags > Indoor & Corporate Flags","G:/My Drive/Website Images\FL-022.webp",matched
FL-023,"Single Golden Table Flag","Flags > Indoor & Corporate Flags","G:/My Drive/Website Images\FL-023.webp",matched
FL-024,"T-Shape Table Flag","Flags > Indoor & Corporate Flags","G:/My Drive/Website Images\FL-024.webp",matched
FL-025,"V Shape Table Flag","Flags > Indoor & Corporate Flags","G:/My Drive/Website Images\FL-025.webp",matched
FL-026,"Three Pole Table Flag","Flags > Indoor & Corporate Flags","G:/My Drive/Website Images\FL-026.webp",matched
FL-027,"Conference Flag","Flags > Indoor & Corporate Flags","G:/My Drive/Website Images\FL-027.webp",matched
FL-028,"Conference Flag with Stiffener","Flags > Indoor & Corporate Flags","G:/My Drive/Website Images\FL-028.webp",matched
FL-029,"Crown Pole Conference Flag","Flags > Indoor & Corporate Flags","G:/My Drive/Website Images\FL-029.webp",matched
FL-030,"Royal Crown Conference Flag","Flags > Indoor & Corporate Flags","G:/My Drive/Website Images\FL-030.webp",matched
FL-031,"Standard Hand Flag","Flags > Indoor & Corporate Flags","G:/My Drive/Website Images\FL-031.webp",matched
FL-032,"National Flag","Flags > Indoor & Corporate Flags","G:/My Drive/Website Images\FL-032.webp",matched
FL-033,"UAE Flag","Flags > Indoor & Corporate Flags","G:/My Drive/Website Images\FL-033.webp",matched
FL-034,"Standard Flag Base","Flags > Flag Bases & Accessories","G:/My Drive/Website Images\FL-034.webp",matched
FL-035,"Pole Accessory","Flags > Flag Bases & Accessories","G:/My Drive/Website Images\FL-035.webp",matched
FL-036,"Ramadan Campaign Flag","Flags > Flag Bases & Accessories","G:/My Drive/Website Images\FL-036.webp",matched
FL-037,"National Day Campaign Flag","Flags > Flag Bases & Accessories","G:/My Drive/Website Images\FL-037.webp",matched
FL-038,"Toothpick Flag","Flags > Decorative Flags","G:/My Drive/Website Images\FL-038.webp",matched
FL-039,"Bunting Flag","Flags > Decorative Flags","G:/My Drive/Website Images\FL-039.webp",matched
FL-040,"Car Flag","Flags > Decorative Flags","G:/My Drive/Website Images\FL-040.webp",matched
FL-041,"Pennant Flag","Flags > Decorative Flags","G:/My Drive/Website Images\FL-041.webp",matched
FL-042,"Festival Flag","Flags > Decorative Flags","G:/My Drive/Website Images\FL-042.webp",matched
FL-043,"Country Flag","Flags > Decorative Flags","G:/My Drive/Website Images\FL-043.webp",matched
FL-044,"Car Desert Flag","Flags > Decorative Flags","G:/My Drive/Website Images\FL-044.webp",matched
FL-045,"Dashboard Flag","Flags > Decorative Flags","G:/My Drive/Website Images\FL-045.webp",matched
VB-001,"Full Wrap – Car","Vehicle Branding > Car & Van Branding","G:/My Drive/Website Images\VB-001.webp",matched
VB-002,"Full Wrap – Van","Vehicle Branding > Car & Van Branding","G:/My Drive/Website Images\VB-002.webp",matched
VB-003,"Partial Wrap","Vehicle Branding > Car & Van Branding","G:/My Drive/Website Images\VB-003.webp",matched
VB-004,"Spot Decal","Vehicle Branding > Car & Van Branding","G:/My Drive/Website Images\VB-004.webp",matched
VB-005,"Colour Change Wrap","Vehicle Branding > Car & Van Branding","G:/My Drive/Website Images\VB-005.webp",matched
VB-006,"PPF Clear Wrap","Vehicle Branding > Car & Van Branding","G:/My Drive/Website Images\VB-006.webp",matched
VB-007,"Truck Wrap","Vehicle Branding > Car & Van Branding","G:/My Drive/Website Images\VB-007.webp",matched
VB-008,"Heavy Vehicle Decal","Vehicle Branding > Car & Van Branding","G:/My Drive/Website Images\VB-008.webp",matched
VB-009,"Standard Fleet Package","Vehicle Branding > Fleet Branding","G:/My Drive/Website Images\VB-009.webp",matched
VB-010,"Premium Fleet Package","Vehicle Branding > Fleet Branding","G:/My Drive/Website Images\VB-010.webp",matched
VB-011,"Taxi Branding","Vehicle Branding > Fleet Branding","G:/My Drive/Website Images\VB-011.webp",matched
VB-012,"Ride-Share Branding","Vehicle Branding > Fleet Branding","G:/My Drive/Website Images\VB-012.webp",matched
VB-013,"Standard Container Branding","Vehicle Branding > Fleet Branding","G:/My Drive/Website Images\VB-013.webp",matched
VB-014,"Boat Wrap","Vehicle Branding > Boat & Yacht Branding","G:/My Drive/Website Images\VB-014.webp",matched
VB-015,"Yacht Decal","Vehicle Branding > Boat & Yacht Branding","G:/My Drive/Website Images\VB-015.webp",matched
EE-001,"Standard Modular Stand","Exhibitions & Events > Exhibition Stands & Booths","G:/My Drive/Website Images\EE-001.webp",matched
EE-002,"Standard Shell Scheme","Exhibitions & Events > Exhibition Stands & Booths","G:/My Drive/Website Images\EE-002.webp",matched
EE-003,"Island Backlit Shell Scheme","Exhibitions & Events > Exhibition Stands & Booths","G:/My Drive/Website Images\EE-003.webp",matched
EE-004,"Modular Backlit Booth","Exhibitions & Events > Exhibition Stands & Booths","G:/My Drive/Website Images\EE-004.webp",matched
EE-005,"Standard Custom Build","Exhibitions & Events > Exhibition Stands & Booths","G:/My Drive/Website Images\EE-005.webp",matched
EE-006,"Double-Decker Stand","Exhibitions & Events > Exhibition Stands & Booths","G:/My Drive/Website Images\EE-006.webp",matched
EE-007,"Peninsula Booth","Exhibitions & Events > Exhibition Stands & Booths","G:/My Drive/Website Images\EE-007.webp",matched
EE-008,"Double-Decker Booth","Exhibitions & Events > Exhibition Stands & Booths","G:/My Drive/Website Images\EE-008.webp",matched
EE-009,"Standard Toblerone Standee","Exhibitions & Events > Exhibition Stands & Booths","G:/My Drive/Website Images\EE-009.webp",matched
EE-010,"Standard Pop-Up System","Exhibitions & Events > Pop-Up & Portable Displays","G:/My Drive/Website Images\EE-010.webp",matched
EE-011,"Standard Display Board","Exhibitions & Events > Pop-Up & Portable Displays","G:/My Drive/Website Images\EE-011.webp",matched
EE-012,"Standard Tabletop Counter","Exhibitions & Events > Pop-Up & Portable Displays","G:/My Drive/Website Images\EE-012.webp",matched
EE-013,"Fabric Seamless Backdrop","Exhibitions & Events > Pop-Up & Portable Displays","G:/My Drive/Website Images\EE-013.webp",matched
EE-014,"Curved Wooden Backdrop","Exhibitions & Events > Pop-Up & Portable Displays","G:/My Drive/Website Images\EE-014.webp",matched
EE-015,"Straight Wooden Backdrop","Exhibitions & Events > Pop-Up & Portable Displays","G:/My Drive/Website Images\EE-015.webp",matched
EE-016,"Backlit Seamless Backdrop","Exhibitions & Events > Pop-Up & Portable Displays","G:/My Drive/Website Images\EE-016.webp",matched
EE-017,"Backlit Exhibition Backdrop Wall","Exhibitions & Events > Pop-Up & Portable Displays","G:/My Drive/Website Images\EE-017.webp",matched
EE-018,"Media/Press Wall Backdrop","Exhibitions & Events > Pop-Up & Portable Displays","G:/My Drive/Website Images\EE-018.webp",matched
EE-019,"Party Backdrop","Exhibitions & Events > Pop-Up & Portable Displays","G:/My Drive/Website Images\EE-019.webp",matched
EE-020,"Photography Backdrop","Exhibitions & Events > Pop-Up & Portable Displays","G:/My Drive/Website Images\EE-020.webp",matched
EE-021,"Telescopic Banner with Backdrop","Exhibitions & Events > Pop-Up & Portable Displays","G:/My Drive/Website Images\EE-021.webp",matched
EE-022,"X Standee Banner","Exhibitions & Events > Pop-Up & Portable Displays","G:/My Drive/Website Images\EE-022.webp",matched
EE-023,"Forex Selfie Stand","Exhibitions & Events > Pop-Up & Portable Displays","G:/My Drive/Website Images\EE-023.webp",matched
EE-024,"Pop-up Table Counter","Exhibitions & Events > Pop-Up & Portable Displays","G:/My Drive/Website Images\EE-024.webp",matched
EE-025,"Fabric Pop-up Counter","Exhibitions & Events > Pop-Up & Portable Displays","G:/My Drive/Website Images\EE-025.webp",matched
EE-026,"Standard Fabric Pop-Up Banner","Exhibitions & Events > Pop-Up & Portable Displays","G:/My Drive/Website Images\EE-026.webp",matched
EE-027,"Standard Life-Size Cutout","Exhibitions & Events > Standees & Cutouts","G:/My Drive/Website Images\EE-027.webp",matched
EE-028,"Pop-Up Gazebo","Exhibitions & Events > Standees & Cutouts","G:/My Drive/Website Images\EE-028.webp",matched
EE-029,"Branded Canopy","Exhibitions & Events > Standees & Cutouts","G:/My Drive/Website Images\EE-029.webp",matched
EE-030,"Construction Fence Banner","Exhibitions & Events > Standees & Cutouts","G:/My Drive/Website Images\EE-030.webp",matched
EE-031,"Event Fence Banner","Exhibitions & Events > Standees & Cutouts","G:/My Drive/Website Images\EE-031.webp",matched
EE-032,"Backlit Snapfold Standee","Exhibitions & Events > Standees & Cutouts","G:/My Drive/Website Images\EE-032.webp",matched
EE-033,"Classic Backlit Standee","Exhibitions & Events > Standees & Cutouts","G:/My Drive/Website Images\EE-033.webp",matched
EE-034,"Promotional Table Standard","Exhibitions & Events > Event Accessories","G:/My Drive/Website Images\EE-034.webp",matched
EE-035,"Aluminum Promotional Table","Exhibitions & Events > Event Accessories","G:/My Drive/Website Images\EE-035.webp",matched
EE-036,"Tyvek Wristband","Exhibitions & Events > Event Accessories","G:/My Drive/Website Images\EE-036.webp",matched
EE-037,"Fabric Wristband","Exhibitions & Events > Event Accessories","G:/My Drive/Website Images\EE-037.webp",matched
EE-038,"Silicon Wristband","Exhibitions & Events > Event Accessories","G:/My Drive/Website Images\EE-038.webp",matched
EE-039,"Vinyl/Waterproof Wristband","Exhibitions & Events > Event Accessories","G:/My Drive/Website Images\EE-039.webp",matched
EE-040,"Custom Lanyard","Exhibitions & Events > Event Accessories","G:/My Drive/Website Images\EE-040.webp",matched
EE-041,"Event Badge","Exhibitions & Events > Event Accessories","G:/My Drive/Website Images\EE-041.webp",matched
EE-042,"Table Tent","Exhibitions & Events > Event Accessories","G:/My Drive/Website Images\EE-042.webp",matched
EE-043,"Menu Stand","Exhibitions & Events > Event Accessories","G:/My Drive/Website Images\EE-043.webp",matched
EE-044,"Social Media Frame","Exhibitions & Events > Event Accessories","G:/My Drive/Website Images\EE-044.webp",matched
EE-045,"Spin Wheel","Exhibitions & Events > Event Accessories","G:/My Drive/Website Images\EE-045.webp",matched
EE-046,"Entrance Arch","Exhibitions & Events > Event Accessories","G:/My Drive/Website Images\EE-046.webp",matched
EE-047,"Real Estate Stand","Exhibitions & Events > Event Accessories","G:/My Drive/Website Images\EE-047.webp",matched
EE-048,"Barricade Fence Branding","Exhibitions & Events > Event Accessories","G:/My Drive/Website Images\EE-048.webp",matched
EE-049,"Custom Event Signage Package","Exhibitions & Events > Event Accessories","G:/My Drive/Website Images\EE-049.webp",matched
EE-050,"Standard Oval Fabric Counter","Exhibitions & Events > Exhibition Counters","G:/My Drive/Website Images\EE-050.webp",matched
EE-051,"LED Illuminated Counter","Exhibitions & Events > Exhibition Counters","G:/My Drive/Website Images\EE-051.webp",matched
EE-052,"Standard LED Letter Board","Exhibitions & Events > Event Props","G:/My Drive/Website Images\EE-052.webp",matched
EE-053,"Standard Giant Cheque","Exhibitions & Events > Event Props","G:/My Drive/Website Images\EE-053.webp",matched
EE-054,"Standard Party Props","Exhibitions & Events > Party Essentials","G:/My Drive/Website Images\EE-054.webp",matched
EE-055,"Custom Event Hat","Exhibitions & Events > Party Essentials","G:/My Drive/Website Images\EE-055.webp",matched
EE-056,"Standard Photo Cutout","Exhibitions & Events > Party Essentials","G:/My Drive/Website Images\EE-056.webp",matched
EE-057,"Fabric Outdoor Backdrop","Exhibitions & Events > Backdrops","G:/My Drive/Website Images\EE-057.webp",matched
EE-058,"LED Screen Rental","Exhibitions & Events > Backdrops","G:/My Drive/Website Images\EE-058.webp",matched
EE-059,"Balloon Decorator","Exhibitions & Events > Backdrops","G:/My Drive/Website Images\EE-059.webp",matched
EE-060,"Magazine Photo Booth","Exhibitions & Events > Backdrops","G:/My Drive/Website Images\EE-060.webp",matched
EE-061,"Event Photo Booth","Exhibitions & Events > Backdrops","G:/My Drive/Website Images\EE-061.webp",matched
EE-062,"Outdoor Promo Umbrella","Exhibitions & Events > Backdrops","G:/My Drive/Website Images\EE-062.webp",matched
OB-001,"Blank Flat Frosted Film","Office & Retail Branding > Window Graphics & Frosted Film","G:/My Drive/Website Images\OB-001.webp",matched
OB-002,"Print & Cut Frosted Sticker","Office & Retail Branding > Window Graphics & Frosted Film","G:/My Drive/Website Images\OB-002.webp",matched
OB-003,"Digital Printed Frosted Sticker","Office & Retail Branding > Window Graphics & Frosted Film","G:/My Drive/Website Images\OB-003.webp",matched
OB-004,"Plotter Cut Frosted Sticker","Office & Retail Branding > Window Graphics & Frosted Film","G:/My Drive/Website Images\OB-004.webp",matched
OB-005,"Gradient Frosted Sticker","Office & Retail Branding > Window Graphics & Frosted Film","G:/My Drive/Website Images\OB-005.webp",matched
OB-006,"Tinted Window Film","Office & Retail Branding > Window Graphics & Frosted Film","G:/My Drive/Website Images\OB-006.webp",matched
OB-007,"Mirror Window Film","Office & Retail Branding > Window Graphics & Frosted Film","G:/My Drive/Website Images\OB-007.webp",matched
OB-008,"Heat Control Film","Office & Retail Branding > Window Graphics & Frosted Film","G:/My Drive/Website Images\OB-008.webp",matched
OB-009,"One-Way Vision","Office & Retail Branding > Window Graphics & Frosted Film","G:/My Drive/Website Images\OB-009.webp",matched
OB-010,"Perforated Vinyl","Office & Retail Branding > Window Graphics & Frosted Film","G:/My Drive/Website Images\OB-010.webp",matched
OB-011,"Adhesive Vinyl & Window Clings","Office & Retail Branding > Window Graphics & Frosted Film","G:/My Drive/Website Images\OB-011.webp",matched
OB-012,"Retail Shopfront Window Graphic","Office & Retail Branding > Window Graphics & Frosted Film","G:/My Drive/Website Images\OB-012.webp",matched
OB-013,"Standard Wall Sticker","Office & Retail Branding > Wall Graphics & Decals","G:/My Drive/Website Images\OB-013.webp",matched
OB-014,"Vinyl Lettering","Office & Retail Branding > Wall Graphics & Decals","G:/My Drive/Website Images\OB-014.webp",matched
OB-015,"Ready-Made Wallpaper","Office & Retail Branding > Wall Graphics & Decals","G:/My Drive/Website Images\OB-015.webp",matched
OB-016,"Self-Adhesive Wallpaper","Office & Retail Branding > Wall Graphics & Decals","G:/My Drive/Website Images\OB-016.webp",matched
OB-017,"Customized Printed Wallpaper","Office & Retail Branding > Wall Graphics & Decals","G:/My Drive/Website Images\OB-017.webp",matched
OB-018,"Acrylic Wall Decor","Office & Retail Branding > Wall Graphics & Decals","G:/My Drive/Website Images\OB-018.webp",matched
OB-019,"Grass Wall Decor","Office & Retail Branding > Wall Graphics & Decals","G:/My Drive/Website Images\OB-019.webp",matched
OB-020,"Wall Photo Frame","Office & Retail Branding > Wall Graphics & Decals","G:/My Drive/Website Images\OB-020.webp",matched
OB-021,"Office Branding Wall Graphic","Office & Retail Branding > Wall Graphics & Decals","G:/My Drive/Website Images\OB-021.webp",matched
OB-022,"Reception Wall Graphic","Office & Retail Branding > Wall Graphics & Decals","G:/My Drive/Website Images\OB-022.webp",matched
OB-023,"Standard Die-Cut Sticker","Office & Retail Branding > Sticker Printing","G:/My Drive/Website Images\OB-023.webp",matched
OB-024,"Transparent Sticker","Office & Retail Branding > Sticker Printing","G:/My Drive/Website Images\OB-024.webp",matched
OB-025,"Hologram Sticker","Office & Retail Branding > Sticker Printing","G:/My Drive/Website Images\OB-025.webp",matched
OB-026,"Premium Gold Foil Label","Office & Retail Branding > Sticker Printing","G:/My Drive/Website Images\OB-026.webp",matched
OB-027,"Custom Product Label","Office & Retail Branding > Sticker Printing","G:/My Drive/Website Images\OB-027.webp",matched
OB-028,"Bottle Sticker","Office & Retail Branding > Sticker Printing","G:/My Drive/Website Images\OB-028.webp",matched
OB-029,"Paper Sticker","Office & Retail Branding > Sticker Printing","G:/My Drive/Website Images\OB-029.webp",matched
OB-030,"Pillar Sticker","Office & Retail Branding > Sticker Printing","G:/My Drive/Website Images\OB-030.webp",matched
OB-031,"Magnetic Cutout Sticker","Office & Retail Branding > Sticker Printing","G:/My Drive/Website Images\OB-031.webp",matched
OB-032,"Transparent/Clear Vinyl Sticker","Office & Retail Branding > Sticker Printing","G:/My Drive/Website Images\OB-032.webp",matched
OB-033,"Standard Self-Ink Stamp","Office & Retail Branding > Seals & Stamps","G:/My Drive/Website Images\OB-033.webp",matched
OB-034,"Wax Seal","Office & Retail Branding > Seals & Stamps","G:/My Drive/Website Images\OB-034.webp",matched
OB-035,"Embossing Seal","Office & Retail Branding > Seals & Stamps","G:/My Drive/Website Images\OB-035.webp",matched
OB-036,"Wax Seal Stamp Set","Office & Retail Branding > Seals & Stamps","G:/My Drive/Website Images\OB-036.webp",matched
OB-037,"Corporate Embosser","Office & Retail Branding > Seals & Stamps","G:/My Drive/Website Images\OB-037.webp",matched
OB-038,"Standard Floor Graphic","Office & Retail Branding > Floor Graphics","G:/My Drive/Website Images\OB-038.webp",matched
OB-039,"Directional Sticker","Office & Retail Branding > Floor Graphics","G:/My Drive/Website Images\OB-039.webp",matched
OB-040,"Retail Floor Graphic","Office & Retail Branding > Floor Graphics","G:/My Drive/Website Images\OB-040.webp",matched
OB-041,"Social Distancing Floor Graphic","Office & Retail Branding > Floor Graphics","G:/My Drive/Website Images\OB-041.webp",matched
OB-042,"Car Magnet 30mil","Office & Retail Branding > Magnets","G:/My Drive/Website Images\OB-042.webp",matched
OB-043,"Cut to Shape Magnet 30mil","Office & Retail Branding > Magnets","G:/My Drive/Website Images\OB-043.webp",matched
OB-044,"Cut to Shape Magnet 20mil","Office & Retail Branding > Magnets","G:/My Drive/Website Images\OB-044.webp",matched
OB-045,"Magnetic Sheet","Office & Retail Branding > Magnets","G:/My Drive/Website Images\OB-045.webp",matched
OB-046,"Custom Fridge Magnet","Office & Retail Branding > Magnets","G:/My Drive/Website Images\OB-046.webp",matched
OB-047,"Promotional Magnet","Office & Retail Branding > Magnets","G:/My Drive/Website Images\OB-047.webp",matched
OB-048,"Standard Wooden Frame","Office & Retail Branding > Wall Frames","G:/My Drive/Website Images\OB-048.webp",matched
OB-049,"Premium Acrylic Frame","Office & Retail Branding > Wall Frames","G:/My Drive/Website Images\OB-049.webp",matched
OB-050,"Modern Metal Frame","Office & Retail Branding > Wall Frames","G:/My Drive/Website Images\OB-050.webp",matched
OB-051,"Standard Floor Gondola","Office & Retail Branding > POS Display","G:/My Drive/Website Images\OB-051.webp",matched
OB-052,"Standard 3D Shelf Display","Office & Retail Branding > POS Display","G:/My Drive/Website Images\OB-052.webp",matched
OB-053,"Standard Pedestal Display","Office & Retail Branding > POS Display","G:/My Drive/Website Images\OB-053.webp",matched
OB-054,"Clear Window Cling","Office & Retail Branding > Repositionable Cling","G:/My Drive/Website Images\OB-054.webp",matched
OB-055,"Standard Partition Divider","Office & Retail Branding > Workplace","G:/My Drive/Website Images\OB-055.webp",matched
OB-056,"Custom Kitchen Splashback","Office & Retail Branding > Wall Décor","G:/My Drive/Website Images\OB-056.webp",matched
OB-057,"Standard Magnetic Wall Sheet","Office & Retail Branding > Magnetic Sheet","G:/My Drive/Website Images\OB-057.webp",matched
