name,image_url,url
Sail Flags,https://mprinthouse.ae/wp-content/uploads/2025/08/1-1024x1024.webp,https://mprinthouse.ae/product/custom-sail-flags-uae/
Teardrop Flags,https://mprinthouse.ae/wp-content/uploads/2025/08/teardrop-flags-1-1024x1024.webp,https://mprinthouse.ae/product/tear-drop-flags-uae/
Blade Flags,https://mprinthouse.ae/wp-content/uploads/2025/08/15-1-1024x1024.webp,https://mprinthouse.ae/product/blade-feather-flags-uae/
L-Shaped Flags,https://mprinthouse.ae/wp-content/uploads/2025/08/18-1024x1024.webp,https://mprinthouse.ae/product/l-shape-flags-uae/
Shell Scheme Stands,https://mprinthouse.ae/wp-content/uploads/2025/08/Shell-Scheme-Stands-1-1024x1024.webp,https://mprinthouse.ae/product/shell-scheme-stands-dubai/
Island Booths,https://mprinthouse.ae/wp-content/uploads/2025/08/islandbooth1-4-1024x1024.webp,https://mprinthouse.ae/product/island-booths-dubai/
Corner Booths,https://mprinthouse.ae/wp-content/uploads/2025/08/Corner-Booths-1-1024x1024.webp,https://mprinthouse.ae/product/corner-booths-dubai/
Promotional Table,https://mprinthouse.ae/wp-content/uploads/2025/08/Promotional-Table-Standard-1024x1024.webp,https://mprinthouse.ae/product/standard-promotional-table-dubai/
Step & Repeat Backdrop,https://mprinthouse.ae/wp-content/uploads/2025/08/step-Repeat-2-1024x1024.webp,https://mprinthouse.ae/product/step-repeat-backdrop-uae/
Rollup Banners,https://mprinthouse.ae/wp-content/uploads/2025/08/rollup-popup-4-1024x1024.webp,https://mprinthouse.ae/product/rollup-banners-dubai/
Table Cloth Printing,https://mprinthouse.ae/wp-content/uploads/2025/08/Table-Cloth-Cover-Printing-3-1024x1024.webp,https://mprinthouse.ae/product/custom-table-cloth-printing-dubai/
Premium Business Cards,https://mprinthouse.ae/wp-content/uploads/2025/08/standard-card-1-1024x1024.webp,https://mprinthouse.ae/product/premium-business-cards-dubai/
Frontlit 3D Letters & Logos,https://mprinthouse.ae/wp-content/uploads/2025/08/Frontlit-3D-1-1024x1024.webp,https://mprinthouse.ae/product/frontlit-3d-letters-uae/
Push Through 3D Signage,https://mprinthouse.ae/wp-content/uploads/2025/08/Push-Through-3D-Letters-3-1024x1024.webp,https://mprinthouse.ae/product/push-through-3d-signage-uae/
Reception Signage,https://mprinthouse.ae/wp-content/uploads/2025/08/Reception-Signage-–-Signboard-2-1024x1024.webp,https://mprinthouse.ae/product/reception-signage-signboard-uae/
Digital Kiosk,https://mprinthouse.ae/wp-content/uploads/2025/09/Digital-Kiosk-4-1024x1024.webp,https://mprinthouse.ae/product/digital-kiosk-uae/
Backlit Exhibition Backdrop,https://mprinthouse.ae/wp-content/uploads/2025/08/Backlit-Exhibition-Backdrop-wall-3-1024x1024.webp,https://mprinthouse.ae/product/backlit-exhibition-backdrop-wall/
Curved Wooden Backdrops,https://mprinthouse.ae/wp-content/uploads/2025/08/62.webp,https://mprinthouse.ae/product/curved-wooden-backdrops-uae/
Media Wall Backdrop,https://mprinthouse.ae/wp-content/uploads/2025/08/Media_Press-Wall-Backdrop-1024x1024.webp,https://mprinthouse.ae/product/media-press-wall-backdrop-uae/
Party Backdrop,https://mprinthouse.ae/wp-content/uploads/2025/08/PARTY-BACKDROP-3-1024x1024.webp,https://mprinthouse.ae/product/party-backdrop-uae/
